time, timezone, temperature, strength
2020/06/26 08:03 +0200, GMT+2, 27, 0
2020/06/26 08:23 +0200, GMT+2, 27.1, 0
2020/06/26 08:43 +0200, GMT+2, 27.2, 0
2020/06/26 09:03 +0200, GMT+2, 27.3, 0.00043
2020/06/26 09:23 +0200, GMT+2, 27.5, 0.0051
2020/06/26 09:43 +0200, GMT+2, 27.7, 0.02449
2020/06/26 10:03 +0200, GMT+2, 28, 0.07321
2020/06/26 10:23 +0200, GMT+2, 28.4, 0.16544
2020/06/26 10:43 +0200, GMT+2, 29, 0.31274
2020/06/26 11:03 +0200, GMT+2, 29.6, 0.52319
2020/06/26 11:23 +0200, GMT+2, 30.4, 0.80188
2020/06/26 11:43 +0200, GMT+2, 31.4, 1.15322
2020/06/26 12:03 +0200, GMT+2, 32.6, 1.58104
2020/06/26 12:23 +0200, GMT+2, 33.9, 2.08785
2020/06/26 12:43 +0200, GMT+2, 35.3, 2.66825
2020/06/26 13:03 +0200, GMT+2, 37, 3.33647
2020/06/26 13:23 +0200, GMT+2, 38.4, 4.08356
2020/06/26 13:43 +0200, GMT+2, 39.4, 4.89419
2020/06/26 14:03 +0200, GMT+2, 40.2, 5.75193
2020/06/26 14:23 +0200, GMT+2, 41, 6.64582
2020/06/26 14:43 +0200, GMT+2, 41.6, 7.56531
2020/06/26 15:03 +0200, GMT+2, 42.3, 8.50219
2020/06/26 15:23 +0200, GMT+2, 42.8, 9.44913
2020/06/26 15:43 +0200, GMT+2, 43.4, 10.39968
2020/06/26 16:03 +0200, GMT+2, 43.8, 11.34824
2020/06/26 16:23 +0200, GMT+2, 44.2, 12.28847
2020/06/26 16:43 +0200, GMT+2, 44.5, 13.2164
2020/06/26 17:03 +0200, GMT+2, 44.7, 14.12727
2020/06/26 17:23 +0200, GMT+2, 44.9, 15.01851
2020/06/26 17:43 +0200, GMT+2, 45, 15.88808
2020/06/26 18:03 +0200, GMT+2, 45.1, 16.7344
2020/06/26 18:23 +0200, GMT+2, 45.2, 17.55759
2020/06/26 18:43 +0200, GMT+2, 45.3, 18.35795
2020/06/26 19:03 +0200, GMT+2, 45.3, 19.13463
2020/06/26 19:23 +0200, GMT+2, 45.2, 19.88586
2020/06/26 19:43 +0200, GMT+2, 45.1, 20.61134
2020/06/26 20:03 +0200, GMT+2, 45, 21.31212
2020/06/26 20:23 +0200, GMT+2, 44.7, 21.98701
2020/06/26 20:43 +0200, GMT+2, 44.4, 22.63512
2020/06/26 21:03 +0200, GMT+2, 44.1, 23.25782
2020/06/26 21:23 +0200, GMT+2, 43.7, 23.85541
2020/06/26 21:43 +0200, GMT+2, 43.3, 24.42828
2020/06/26 22:03 +0200, GMT+2, 43, 24.97868
2020/06/26 22:23 +0200, GMT+2, 42.6, 25.50777
2020/06/26 22:43 +0200, GMT+2, 42.2, 26.0158
2020/06/26 23:03 +0200, GMT+2, 41.8, 26.50387
2020/06/26 23:23 +0200, GMT+2, 41.4, 26.97302
2020/06/26 23:43 +0200, GMT+2, 41, 27.42423
2020/06/27 00:03 +0200, GMT+2, 40.5, 27.85765
2020/06/27 00:23 +0200, GMT+2, 40.1, 28.27418
2020/06/27 00:43 +0200, GMT+2, 39.7, 28.67541
2020/06/27 01:03 +0200, GMT+2, 39.3, 29.06207
2020/06/27 01:23 +0200, GMT+2, 39, 29.43552
2020/06/27 01:43 +0200, GMT+2, 38.6, 29.79638
2020/06/27 02:03 +0200, GMT+2, 38.2, 30.14456
2020/06/27 02:23 +0200, GMT+2, 37.9, 30.48128
2020/06/27 02:43 +0200, GMT+2, 37.6, 30.80763
2020/06/27 03:03 +0200, GMT+2, 37.3, 31.12405
2020/06/27 03:23 +0200, GMT+2, 37, 31.43094
2020/06/27 03:43 +0200, GMT+2, 36.8, 31.72925
2020/06/27 04:03 +0200, GMT+2, 36.5, 32.0193
2020/06/27 04:23 +0200, GMT+2, 36.1, 32.30035
2020/06/27 04:43 +0200, GMT+2, 35.9, 32.57328
2020/06/27 05:03 +0200, GMT+2, 35.6, 32.83891
2020/06/27 05:23 +0200, GMT+2, 35.3, 33.09701
2020/06/27 05:43 +0200, GMT+2, 35, 33.34787
2020/06/27 06:03 +0200, GMT+2, 34.7, 33.59174
2020/06/27 06:23 +0200, GMT+2, 34.3, 33.82842
2020/06/27 06:43 +0200, GMT+2, 34, 34.05819
2020/06/27 07:03 +0200, GMT+2, 33.6, 34.2813
2020/06/27 07:23 +0200, GMT+2, 33.2, 34.49756
2020/06/27 07:43 +0200, GMT+2, 32.8, 34.70723
2020/06/27 08:03 +0200, GMT+2, 32.4, 34.91054
2020/06/27 08:23 +0200, GMT+2, 32, 35.10775
2020/06/27 08:43 +0200, GMT+2, 31.5, 35.29866
2020/06/27 09:03 +0200, GMT+2, 31.1, 35.48351
2020/06/27 09:23 +0200, GMT+2, 30.6, 35.66252
2020/06/27 09:43 +0200, GMT+2, 30.3, 35.83627
2020/06/27 10:03 +0200, GMT+2, 29.8, 36.00495
2020/06/27 10:23 +0200, GMT+2, 29.5, 36.16873
2020/06/27 10:43 +0200, GMT+2, 29.1, 36.32811
2020/06/27 11:03 +0200, GMT+2, 28.7, 36.4829
2020/06/27 11:23 +0200, GMT+2, 28.3, 36.63323
2020/06/27 11:43 +0200, GMT+2, 28, 36.7796
2020/06/27 12:03 +0200, GMT+2, 27.8, 36.92276
2020/06/27 12:23 +0200, GMT+2, 27.5, 37.0628
2020/06/27 12:43 +0200, GMT+2, 27.2, 37.19949
2020/06/27 13:03 +0200, GMT+2, 27, 37.33323
2020/06/27 13:23 +0200, GMT+2, 26.7, 37.46411
2020/06/27 13:43 +0200, GMT+2, 26.5, 37.59219
2020/06/27 14:03 +0200, GMT+2, 26.3, 37.71784
2020/06/27 14:23 +0200, GMT+2, 26, 37.84083
2020/06/27 14:43 +0200, GMT+2, 25.7, 37.96095
2020/06/27 15:03 +0200, GMT+2, 25.5, 38.07854
2020/06/27 15:23 +0200, GMT+2, 25.3, 38.19395
2020/06/27 15:43 +0200, GMT+2, 25.1, 38.30723
2020/06/27 16:03 +0200, GMT+2, 25, 38.4187
2020/06/27 16:23 +0200, GMT+2, 24.8, 38.52839
2020/06/27 16:43 +0200, GMT+2, 24.7, 38.63635
2020/06/27 17:03 +0200, GMT+2, 24.6, 38.74286
2020/06/27 17:23 +0200, GMT+2, 24.4, 38.8477
2020/06/27 17:43 +0200, GMT+2, 24.2, 38.95065
2020/06/27 18:03 +0200, GMT+2, 24, 39.05174
2020/06/27 18:23 +0200, GMT+2, 23.8, 39.15102
2020/06/27 18:43 +0200, GMT+2, 23.6, 39.24853
2020/06/27 19:03 +0200, GMT+2, 23.4, 39.3443
2020/06/27 19:23 +0200, GMT+2, 23.2, 39.43837
2020/06/27 19:43 +0200, GMT+2, 23.1, 39.53101
2020/06/27 20:03 +0200, GMT+2, 22.8, 39.62202
2020/06/27 20:23 +0200, GMT+2, 22.6, 39.7112
2020/06/27 20:43 +0200, GMT+2, 22.4, 39.79882
2020/06/27 21:03 +0200, GMT+2, 22.1, 39.88468
2020/06/27 21:23 +0200, GMT+2, 21.8, 39.96861
2020/06/27 21:43 +0200, GMT+2, 21.6, 40.05086
2020/06/27 22:03 +0200, GMT+2, 21.3, 40.13147
2020/06/27 22:23 +0200, GMT+2, 21, 40.21027
2020/06/27 22:43 +0200, GMT+2, 20.7, 40.28729
2020/06/27 23:03 +0200, GMT+2, 20.5, 40.36278
2020/06/27 23:23 +0200, GMT+2, 20.2, 40.43677
2020/06/27 23:43 +0200, GMT+2, 19.9, 40.50909
2020/06/28 00:03 +0200, GMT+2, 19.6, 40.57979
2020/06/28 00:23 +0200, GMT+2, 19.4, 40.64908
2020/06/28 00:43 +0200, GMT+2, 19.1, 40.717
2020/06/28 01:03 +0200, GMT+2, 18.9, 40.78357
2020/06/28 01:23 +0200, GMT+2, 18.7, 40.84901
2020/06/28 01:43 +0200, GMT+2, 18.5, 40.91334
2020/06/28 02:03 +0200, GMT+2, 18.3, 40.97657
2020/06/28 02:23 +0200, GMT+2, 18, 41.03856
2020/06/28 02:43 +0200, GMT+2, 17.8, 41.09931
2020/06/28 03:03 +0200, GMT+2, 17.6, 41.15903
2020/06/28 03:23 +0200, GMT+2, 17.5, 41.21792
2020/06/28 03:43 +0200, GMT+2, 17.3, 41.27599
2020/06/28 04:03 +0200, GMT+2, 17.1, 41.33307
2020/06/28 04:23 +0200, GMT+2, 16.9, 41.38918
2020/06/28 04:43 +0200, GMT+2, 16.7, 41.44435
2020/06/28 05:03 +0200, GMT+2, 16.5, 41.49858
2020/06/28 05:23 +0200, GMT+2, 16.3, 41.55189
2020/06/28 05:43 +0200, GMT+2, 16.1, 41.6043
2020/06/28 06:03 +0200, GMT+2, 16, 41.65598
2020/06/28 06:23 +0200, GMT+2, 15.8, 41.70695
2020/06/28 06:43 +0200, GMT+2, 15.7, 41.75721
2020/06/28 07:03 +0200, GMT+2, 15.6, 41.80693
2020/06/28 07:23 +0200, GMT+2, 15.4, 41.85597
2020/06/28 07:43 +0200, GMT+2, 15.3, 41.90432
2020/06/28 08:03 +0200, GMT+2, 15.1, 41.95201
2020/06/28 08:23 +0200, GMT+2, 15, 41.99904
2020/06/28 08:43 +0200, GMT+2, 15, 42.04572
2020/06/28 09:03 +0200, GMT+2, 14.8, 42.0919
2020/06/28 09:23 +0200, GMT+2, 14.8, 42.13759
2020/06/28 09:43 +0200, GMT+2, 14.7, 42.18295
2020/06/28 10:03 +0200, GMT+2, 14.6, 42.22783
2020/06/28 10:23 +0200, GMT+2, 14.6, 42.27238
2020/06/28 10:43 +0200, GMT+2, 14.5, 42.3166
2020/06/28 11:03 +0200, GMT+2, 14.5, 42.36051
2020/06/28 11:23 +0200, GMT+2, 14.5, 42.40423
2020/06/28 11:43 +0200, GMT+2, 14.5, 42.44778
2020/06/28 12:03 +0200, GMT+2, 14.5, 42.49116
2020/06/28 12:23 +0200, GMT+2, 14.5, 42.53437
2020/06/28 12:43 +0200, GMT+2, 14.5, 42.5774
2020/06/28 13:03 +0200, GMT+2, 14.6, 42.6204
2020/06/28 13:23 +0200, GMT+2, 14.6, 42.66337
2020/06/28 13:43 +0200, GMT+2, 14.6, 42.70617
2020/06/28 14:03 +0200, GMT+2, 14.7, 42.74894
2020/06/28 14:23 +0200, GMT+2, 14.8, 42.79182
2020/06/28 14:43 +0200, GMT+2, 14.9, 42.8348
2020/06/28 15:03 +0200, GMT+2, 15, 42.87789
2020/06/28 15:23 +0200, GMT+2, 15.1, 42.92109
2020/06/28 15:43 +0200, GMT+2, 15.1, 42.96425
2020/06/28 16:03 +0200, GMT+2, 15.2, 43.00737
2020/06/28 16:23 +0200, GMT+2, 15.2, 43.05045
2020/06/28 16:43 +0200, GMT+2, 15.3, 43.0935
2020/06/28 17:03 +0200, GMT+2, 15.3, 43.13651
2020/06/28 17:23 +0200, GMT+2, 15.3, 43.17934
2020/06/28 17:43 +0200, GMT+2, 15.2, 43.22187
2020/06/28 18:03 +0200, GMT+2, 15.1, 43.26395
2020/06/28 18:23 +0200, GMT+2, 15.1, 43.30574
2020/06/28 18:43 +0200, GMT+2, 15, 43.34722
2020/06/28 19:03 +0200, GMT+2, 15, 43.3884
2020/06/28 19:23 +0200, GMT+2, 14.9, 43.4293
2020/06/28 19:43 +0200, GMT+2, 14.8, 43.46977
2020/06/28 20:03 +0200, GMT+2, 14.7, 43.50982
2020/06/28 20:23 +0200, GMT+2, 14.6, 43.54946
2020/06/28 20:43 +0200, GMT+2, 14.5, 43.58869
2020/06/28 21:03 +0200, GMT+2, 14.5, 43.62765
2020/06/28 21:23 +0200, GMT+2, 14.4, 43.66634
2020/06/28 21:43 +0200, GMT+2, 14.4, 43.70475
2020/06/28 22:03 +0200, GMT+2, 14.3, 43.74289
2020/06/28 22:23 +0200, GMT+2, 14.3, 43.78077
2020/06/28 22:43 +0200, GMT+2, 14.1, 43.81827
2020/06/28 23:03 +0200, GMT+2, 14.1, 43.85537
2020/06/28 23:23 +0200, GMT+2, 14, 43.89223
2020/06/28 23:43 +0200, GMT+2, 14, 43.92882
2020/06/29 00:03 +0200, GMT+2, 13.8, 43.96505
2020/06/29 00:23 +0200, GMT+2, 13.8, 44.0009
2020/06/29 00:43 +0200, GMT+2, 13.6, 44.0364
2020/06/29 01:03 +0200, GMT+2, 13.6, 44.07153
2020/06/29 01:23 +0200, GMT+2, 13.5, 44.10642
2020/06/29 01:43 +0200, GMT+2, 13.4, 44.14095
2020/06/29 02:03 +0200, GMT+2, 13.3, 44.17514
2020/06/29 02:23 +0200, GMT+2, 13.3, 44.20909
2020/06/29 02:43 +0200, GMT+2, 13.2, 44.24282
2020/06/29 03:03 +0200, GMT+2, 13.1, 44.2762
2020/06/29 03:23 +0200, GMT+2, 13, 44.30925
2020/06/29 03:43 +0200, GMT+2, 13, 44.34207
2020/06/29 04:03 +0200, GMT+2, 12.9, 44.37468
2020/06/29 04:23 +0200, GMT+2, 12.8, 44.40695
2020/06/29 04:43 +0200, GMT+2, 12.7, 44.4389
2020/06/29 05:03 +0200, GMT+2, 12.6, 44.47053
2020/06/29 05:23 +0200, GMT+2, 12.6, 44.50194
2020/06/29 05:43 +0200, GMT+2, 12.5, 44.53315
2020/06/29 06:03 +0200, GMT+2, 12.5, 44.56415
2020/06/29 06:23 +0200, GMT+2, 12.4, 44.59495
2020/06/29 06:43 +0200, GMT+2, 12.3, 44.62544
2020/06/29 07:03 +0200, GMT+2, 12.3, 44.65572
2020/06/29 07:23 +0200, GMT+2, 12.3, 44.68592
2020/06/29 07:43 +0200, GMT+2, 12.2, 44.71591
2020/06/29 08:03 +0200, GMT+2, 12.1, 44.7456
2020/06/29 08:23 +0200, GMT+2, 12.1, 44.7751
2020/06/29 08:43 +0200, GMT+2, 12.1, 44.80451
2020/06/29 09:03 +0200, GMT+2, 12.1, 44.83384
2020/06/29 09:23 +0200, GMT+2, 12.1, 44.86307
2020/06/29 09:43 +0200, GMT+2, 12, 44.89212
2020/06/29 10:03 +0200, GMT+2, 12, 44.92097
2020/06/29 10:23 +0200, GMT+2, 12, 44.94974
2020/06/29 10:43 +0200, GMT+2, 12, 44.97843
2020/06/29 11:03 +0200, GMT+2, 12, 45.00703
2020/06/29 11:23 +0200, GMT+2, 12, 45.03555
2020/06/29 11:43 +0200, GMT+2, 12, 45.06399
2020/06/29 12:03 +0200, GMT+2, 12, 45.09234
2020/06/29 12:23 +0200, GMT+2, 12, 45.12061
2020/06/29 12:43 +0200, GMT+2, 12, 45.14879
2020/06/29 13:03 +0200, GMT+2, 12, 45.1769
2020/06/29 13:23 +0200, GMT+2, 12, 45.20492
2020/06/29 13:43 +0200, GMT+2, 12, 45.23286
2020/06/29 14:03 +0200, GMT+2, 12.1, 45.26082
2020/06/29 14:23 +0200, GMT+2, 12.1, 45.2888
2020/06/29 14:43 +0200, GMT+2, 12.1, 45.3167
2020/06/29 15:03 +0200, GMT+2, 12.1, 45.34452
2020/06/29 15:23 +0200, GMT+2, 12.1, 45.37225
2020/06/29 15:43 +0200, GMT+2, 12.1, 45.39991
2020/06/29 16:03 +0200, GMT+2, 12.1, 45.42748
2020/06/29 16:23 +0200, GMT+2, 12.1, 45.45498
2020/06/29 16:43 +0200, GMT+2, 12.2, 45.48249
2020/06/29 17:03 +0200, GMT+2, 12.2, 45.51003
2020/06/29 17:23 +0200, GMT+2, 12.2, 45.53748
2020/06/29 17:43 +0200, GMT+2, 12.3, 45.56495
2020/06/29 18:03 +0200, GMT+2, 12.3, 45.59244
2020/06/29 18:23 +0200, GMT+2, 12.3, 45.61985
2020/06/29 18:43 +0200, GMT+2, 12.3, 45.64718
2020/06/29 19:03 +0200, GMT+2, 12.3, 45.67443
2020/06/29 19:23 +0200, GMT+2, 12.3, 45.70161
2020/06/29 19:43 +0200, GMT+2, 12.4, 45.7288
2020/06/29 20:03 +0200, GMT+2, 12.3, 45.75591
2020/06/29 20:23 +0200, GMT+2, 12.4, 45.78294
2020/06/29 20:43 +0200, GMT+2, 12.4, 45.81
2020/06/29 21:03 +0200, GMT+2, 12.4, 45.83697
2020/06/29 21:23 +0200, GMT+2, 12.4, 45.86387
2020/06/29 21:43 +0200, GMT+2, 12.5, 45.89078
2020/06/29 22:03 +0200, GMT+2, 12.5, 45.91771
2020/06/29 22:23 +0200, GMT+2, 12.5, 45.94456
2020/06/29 22:43 +0200, GMT+2, 12.5, 45.97134
2020/06/29 23:03 +0200, GMT+2, 12.5, 45.99804
2020/06/29 23:23 +0200, GMT+2, 12.5, 46.02466
2020/06/29 23:43 +0200, GMT+2, 12.5, 46.05121
2020/06/30 00:03 +0200, GMT+2, 12.5, 46.07768
2020/06/30 00:23 +0200, GMT+2, 12.5, 46.10407
2020/06/30 00:43 +0200, GMT+2, 12.5, 46.13039
2020/06/30 01:03 +0200, GMT+2, 12.5, 46.15664
2020/06/30 01:23 +0200, GMT+2, 12.5, 46.18281
2020/06/30 01:43 +0200, GMT+2, 12.5, 46.2089
2020/06/30 02:03 +0200, GMT+2, 12.5, 46.23493
2020/06/30 02:23 +0200, GMT+2, 12.5, 46.26088
2020/06/30 02:43 +0200, GMT+2, 12.5, 46.28675
2020/06/30 03:03 +0200, GMT+2, 12.5, 46.31256
2020/06/30 03:23 +0200, GMT+2, 12.4, 46.3382
2020/06/30 03:43 +0200, GMT+2, 12.4, 46.36368
2020/06/30 04:03 +0200, GMT+2, 12.4, 46.38908
2020/06/30 04:23 +0200, GMT+2, 12.4, 46.41442
2020/06/30 04:43 +0200, GMT+2, 12.4, 46.43969
2020/06/30 05:03 +0200, GMT+2, 12.4, 46.46489
2020/06/30 05:23 +0200, GMT+2, 12.4, 46.49001
2020/06/30 05:43 +0200, GMT+2, 12.3, 46.51499
2020/06/30 06:03 +0200, GMT+2, 12.3, 46.5398
2020/06/30 06:23 +0200, GMT+2, 12.3, 46.56455
2020/06/30 06:43 +0200, GMT+2, 12.3, 46.58923
2020/06/30 07:03 +0200, GMT+2, 12.3, 46.61384
2020/06/30 07:23 +0200, GMT+2, 12.3, 46.63838
2020/06/30 07:43 +0200, GMT+2, 12.3, 46.66286
2020/06/30 08:03 +0200, GMT+2, 12.3, 46.68727
2020/06/30 08:23 +0200, GMT+2, 12.3, 46.71162
2020/06/30 08:43 +0200, GMT+2, 12.3, 46.7359
2020/06/30 09:03 +0200, GMT+2, 12.3, 46.76011
2020/06/30 09:23 +0200, GMT+2, 12.3, 46.78426
2020/06/30 09:43 +0200, GMT+2, 12.3, 46.80834
2020/06/30 10:03 +0200, GMT+2, 12.3, 46.83236
2020/06/30 10:23 +0200, GMT+2, 12.3, 46.85632
2020/06/30 10:43 +0200, GMT+2, 12.3, 46.88021
2020/06/30 11:03 +0200, GMT+2, 12.3, 46.90404
2020/06/30 11:23 +0200, GMT+2, 12.3, 46.9278
2020/06/30 11:43 +0200, GMT+2, 12.3, 46.9515
2020/06/30 12:03 +0200, GMT+2, 12.4, 46.97522
2020/06/30 12:23 +0200, GMT+2, 12.4, 46.99896
2020/06/30 12:43 +0200, GMT+2, 12.5, 47.02272
2020/06/30 13:03 +0200, GMT+2, 12.5, 47.0465
2020/06/30 13:23 +0200, GMT+2, 12.5, 47.07021
2020/06/30 13:43 +0200, GMT+2, 12.6, 47.09395
2020/06/30 14:03 +0200, GMT+2, 12.6, 47.1177
2020/06/30 14:23 +0200, GMT+2, 12.6, 47.14139
2020/06/30 14:43 +0200, GMT+2, 12.6, 47.16502
2020/06/30 15:03 +0200, GMT+2, 12.6, 47.18858
2020/06/30 15:23 +0200, GMT+2, 12.7, 47.21216
2020/06/30 15:43 +0200, GMT+2, 12.8, 47.23585
2020/06/30 16:03 +0200, GMT+2, 12.9, 47.25963
2020/06/30 16:23 +0200, GMT+2, 13, 47.28351
2020/06/30 16:43 +0200, GMT+2, 13.2, 47.30758
2020/06/30 17:03 +0200, GMT+2, 13.3, 47.33183
2020/06/30 17:23 +0200, GMT+2, 13.5, 47.35626
2020/06/30 17:43 +0200, GMT+2, 13.6, 47.38086
2020/06/30 18:03 +0200, GMT+2, 13.8, 47.40565
2020/06/30 18:23 +0200, GMT+2, 13.9, 47.43062
2020/06/30 18:43 +0200, GMT+2, 14.1, 47.45577
2020/06/30 19:03 +0200, GMT+2, 14.1, 47.48101
2020/06/30 19:23 +0200, GMT+2, 14.3, 47.50634
2020/06/30 19:43 +0200, GMT+2, 14.3, 47.53177
2020/06/30 20:03 +0200, GMT+2, 14.5, 47.55729
2020/06/30 20:23 +0200, GMT+2, 14.5, 47.5829
2020/06/30 20:43 +0200, GMT+2, 14.5, 47.60844
2020/06/30 21:03 +0200, GMT+2, 14.6, 47.63398
2020/06/30 21:23 +0200, GMT+2, 14.6, 47.65953
2020/06/30 21:43 +0200, GMT+2, 14.7, 47.68509
2020/06/30 22:03 +0200, GMT+2, 14.7, 47.71065
2020/06/30 22:23 +0200, GMT+2, 14.8, 47.73623
2020/06/30 22:43 +0200, GMT+2, 14.8, 47.76181
2020/06/30 23:03 +0200, GMT+2, 14.8, 47.78731
2020/06/30 23:23 +0200, GMT+2, 14.8, 47.81273
2020/06/30 23:43 +0200, GMT+2, 14.8, 47.83808
2020/07/01 00:03 +0200, GMT+2, 14.8, 47.86336
2020/07/01 00:23 +0200, GMT+2, 14.8, 47.88856
2020/07/01 00:43 +0200, GMT+2, 14.8, 47.91368
2020/07/01 01:03 +0200, GMT+2, 14.8, 47.93873
2020/07/01 01:23 +0200, GMT+2, 14.8, 47.96371
2020/07/01 01:43 +0200, GMT+2, 14.8, 47.98861
2020/07/01 02:03 +0200, GMT+2, 14.8, 48.01344
2020/07/01 02:23 +0200, GMT+2, 14.8, 48.03819
2020/07/01 02:43 +0200, GMT+2, 14.8, 48.06288
2020/07/01 03:03 +0200, GMT+2, 14.8, 48.08749
2020/07/01 03:23 +0200, GMT+2, 14.8, 48.11202
2020/07/01 03:43 +0200, GMT+2, 14.8, 48.13649
2020/07/01 04:03 +0200, GMT+2, 14.9, 48.16097
2020/07/01 04:23 +0200, GMT+2, 14.9, 48.18545
2020/07/01 04:43 +0200, GMT+2, 14.9, 48.20986
2020/07/01 05:03 +0200, GMT+2, 14.9, 48.2342
2020/07/01 05:23 +0200, GMT+2, 14.9, 48.25846
2020/07/01 05:43 +0200, GMT+2, 14.9, 48.28266
2020/07/01 06:03 +0200, GMT+2, 14.9, 48.30679
2020/07/01 06:23 +0200, GMT+2, 15, 48.33092
2020/07/01 06:43 +0200, GMT+2, 15, 48.35506
2020/07/01 07:03 +0200, GMT+2, 15, 48.37913
2020/07/01 07:23 +0200, GMT+2, 15, 48.40314
2020/07/01 07:43 +0200, GMT+2, 15, 48.42707
2020/07/01 08:03 +0200, GMT+2, 15, 48.45093
2020/07/01 08:23 +0200, GMT+2, 15, 48.47472
2020/07/01 08:43 +0200, GMT+2, 15, 48.49845
2020/07/01 09:03 +0200, GMT+2, 15, 48.5221
2020/07/01 09:23 +0200, GMT+2, 15.1, 48.54577
2020/07/01 09:43 +0200, GMT+2, 15.1, 48.56944
2020/07/01 10:03 +0200, GMT+2, 15.1, 48.59304
2020/07/01 10:23 +0200, GMT+2, 15.1, 48.61658
2020/07/01 10:43 +0200, GMT+2, 15.2, 48.64012
2020/07/01 11:03 +0200, GMT+2, 15.2, 48.66367
2020/07/01 11:23 +0200, GMT+2, 15.3, 48.68722
2020/07/01 11:43 +0200, GMT+2, 15.3, 48.71079
2020/07/01 12:03 +0200, GMT+2, 15.4, 48.73436
2020/07/01 12:23 +0200, GMT+2, 15.5, 48.75801
2020/07/01 12:43 +0200, GMT+2, 15.5, 48.78167
2020/07/01 13:03 +0200, GMT+2, 15.6, 48.80533
2020/07/01 13:23 +0200, GMT+2, 15.6, 48.829
2020/07/01 13:43 +0200, GMT+2, 15.7, 48.85268
2020/07/01 14:03 +0200, GMT+2, 15.8, 48.87643
2020/07/01 14:23 +0200, GMT+2, 16, 48.90034
2020/07/01 14:43 +0200, GMT+2, 16.1, 48.9244
2020/07/01 15:03 +0200, GMT+2, 16.3, 48.94862
2020/07/01 15:23 +0200, GMT+2, 16.5, 48.97306
2020/07/01 15:43 +0200, GMT+2, 16.6, 48.99765
2020/07/01 16:03 +0200, GMT+2, 16.8, 49.02239
2020/07/01 16:23 +0200, GMT+2, 17.1, 49.04744
2020/07/01 16:43 +0200, GMT+2, 17.3, 49.07278
2020/07/01 17:03 +0200, GMT+2, 17.6, 49.09843
2020/07/01 17:23 +0200, GMT+2, 17.8, 49.12438
2020/07/01 17:43 +0200, GMT+2, 17.9, 49.15047
2020/07/01 18:03 +0200, GMT+2, 18, 49.17663
2020/07/01 18:23 +0200, GMT+2, 18.1, 49.20286
2020/07/01 18:43 +0200, GMT+2, 18.2, 49.22915
2020/07/01 19:03 +0200, GMT+2, 18.3, 49.25551
2020/07/01 19:23 +0200, GMT+2, 18.4, 49.28194
2020/07/01 19:43 +0200, GMT+2, 18.5, 49.30843
2020/07/01 20:03 +0200, GMT+2, 18.5, 49.33491
2020/07/01 20:23 +0200, GMT+2, 18.6, 49.36137
2020/07/01 20:43 +0200, GMT+2, 18.6, 49.38782
2020/07/01 21:03 +0200, GMT+2, 18.6, 49.41419
2020/07/01 21:23 +0200, GMT+2, 18.6, 49.44046
2020/07/01 21:43 +0200, GMT+2, 18.6, 49.46665
2020/07/01 22:03 +0200, GMT+2, 18.6, 49.49274
2020/07/01 22:23 +0200, GMT+2, 18.6, 49.51875
2020/07/01 22:43 +0200, GMT+2, 18.6, 49.54468
2020/07/01 23:03 +0200, GMT+2, 18.5, 49.57044
2020/07/01 23:23 +0200, GMT+2, 18.5, 49.59604
2020/07/01 23:43 +0200, GMT+2, 18.5, 49.62156
2020/07/02 00:03 +0200, GMT+2, 18.4, 49.64692
2020/07/02 00:23 +0200, GMT+2, 18.3, 49.67205
2020/07/02 00:43 +0200, GMT+2, 18.2, 49.69695
2020/07/02 01:03 +0200, GMT+2, 18.1, 49.72163
2020/07/02 01:23 +0200, GMT+2, 18.1, 49.74616
2020/07/02 01:43 +0200, GMT+2, 18.1, 49.7706
2020/07/02 02:03 +0200, GMT+2, 18, 49.7949
2020/07/02 02:23 +0200, GMT+2, 18, 49.81906
2020/07/02 02:43 +0200, GMT+2, 18, 49.84313
2020/07/02 03:03 +0200, GMT+2, 18, 49.86713
2020/07/02 03:23 +0200, GMT+2, 17.9, 49.89098
2020/07/02 03:43 +0200, GMT+2, 17.9, 49.91469
2020/07/02 04:03 +0200, GMT+2, 17.8, 49.93826
2020/07/02 04:23 +0200, GMT+2, 17.8, 49.96168
2020/07/02 04:43 +0200, GMT+2, 17.8, 49.98503
2020/07/02 05:03 +0200, GMT+2, 17.7, 50.00824
2020/07/02 05:23 +0200, GMT+2, 17.7, 50.03131
2020/07/02 05:43 +0200, GMT+2, 17.6, 50.05424
2020/07/02 06:03 +0200, GMT+2, 17.6, 50.07703
2020/07/02 06:23 +0200, GMT+2, 17.6, 50.09976
2020/07/02 06:43 +0200, GMT+2, 17.5, 50.12235
2020/07/02 07:03 +0200, GMT+2, 17.5, 50.1448
2020/07/02 07:23 +0200, GMT+2, 17.4, 50.16712
2020/07/02 07:43 +0200, GMT+2, 17.3, 50.18924
2020/07/02 08:03 +0200, GMT+2, 17.3, 50.21123
2020/07/02 08:23 +0200, GMT+2, 17.2, 50.23309
2020/07/02 08:43 +0200, GMT+2, 17.1, 50.25475
2020/07/02 09:03 +0200, GMT+2, 17.1, 50.27629
2020/07/02 09:23 +0200, GMT+2, 17, 50.2977
2020/07/02 09:43 +0200, GMT+2, 17, 50.31898
2020/07/02 10:03 +0200, GMT+2, 17, 50.34021
2020/07/02 10:23 +0200, GMT+2, 16.9, 50.3613
2020/07/02 10:43 +0200, GMT+2, 16.9, 50.38228
2020/07/02 11:03 +0200, GMT+2, 16.9, 50.40319
2020/07/02 11:23 +0200, GMT+2, 16.9, 50.42405
2020/07/02 11:43 +0200, GMT+2, 16.8, 50.44478
2020/07/02 12:03 +0200, GMT+2, 16.9, 50.46545
2020/07/02 12:23 +0200, GMT+2, 16.8, 50.48607
2020/07/02 12:43 +0200, GMT+2, 16.9, 50.50663
2020/07/02 13:03 +0200, GMT+2, 16.9, 50.52719
2020/07/02 13:23 +0200, GMT+2, 17, 50.54776
2020/07/02 13:43 +0200, GMT+2, 17, 50.56833
2020/07/02 14:03 +0200, GMT+2, 17.1, 50.58891
2020/07/02 14:23 +0200, GMT+2, 17.1, 50.60949
2020/07/02 14:43 +0200, GMT+2, 17.1, 50.63001
2020/07/02 15:03 +0200, GMT+2, 17.2, 50.65054
2020/07/02 15:23 +0200, GMT+2, 17.2, 50.67107
2020/07/02 15:43 +0200, GMT+2, 17.2, 50.69154
2020/07/02 16:03 +0200, GMT+2, 17.2, 50.71196
2020/07/02 16:23 +0200, GMT+2, 17.2, 50.73231
2020/07/02 16:43 +0200, GMT+2, 17.3, 50.75267
2020/07/02 17:03 +0200, GMT+2, 17.3, 50.77304
2020/07/02 17:23 +0200, GMT+2, 17.3, 50.79335
2020/07/02 17:43 +0200, GMT+2, 17.3, 50.8136
2020/07/02 18:03 +0200, GMT+2, 17.4, 50.83385
2020/07/02 18:23 +0200, GMT+2, 17.4, 50.85411
2020/07/02 18:43 +0200, GMT+2, 17.5, 50.87437
2020/07/02 19:03 +0200, GMT+2, 17.5, 50.89463
2020/07/02 19:23 +0200, GMT+2, 17.5, 50.91484
2020/07/02 19:43 +0200, GMT+2, 17.5, 50.93499
2020/07/02 20:03 +0200, GMT+2, 17.5, 50.95508
2020/07/02 20:23 +0200, GMT+2, 17.5, 50.97512
2020/07/02 20:43 +0200, GMT+2, 17.5, 50.9951
2020/07/02 21:03 +0200, GMT+2, 17.5, 51.01502
2020/07/02 21:23 +0200, GMT+2, 17.5, 51.03489
2020/07/02 21:43 +0200, GMT+2, 17.5, 51.05471
2020/07/02 22:03 +0200, GMT+2, 17.4, 51.0744
2020/07/02 22:23 +0200, GMT+2, 17.4, 51.09399
2020/07/02 22:43 +0200, GMT+2, 17.3, 51.11346
2020/07/02 23:03 +0200, GMT+2, 17.3, 51.13282
2020/07/02 23:23 +0200, GMT+2, 17.2, 51.15207
2020/07/02 23:43 +0200, GMT+2, 17.1, 51.17116
2020/07/03 00:03 +0200, GMT+2, 17.1, 51.19013
2020/07/03 00:23 +0200, GMT+2, 17, 51.209
2020/07/03 00:43 +0200, GMT+2, 16.9, 51.2277
2020/07/03 01:03 +0200, GMT+2, 16.8, 51.24624
2020/07/03 01:23 +0200, GMT+2, 16.8, 51.26467
2020/07/03 01:43 +0200, GMT+2, 16.7, 51.283
2020/07/03 02:03 +0200, GMT+2, 16.6, 51.30117
2020/07/03 02:23 +0200, GMT+2, 16.6, 51.31924
2020/07/03 02:43 +0200, GMT+2, 16.5, 51.3372
2020/07/03 03:03 +0200, GMT+2, 16.5, 51.35507
2020/07/03 03:23 +0200, GMT+2, 16.4, 51.37283
2020/07/03 03:43 +0200, GMT+2, 16.3, 51.39044
2020/07/03 04:03 +0200, GMT+2, 16.2, 51.40789
2020/07/03 04:23 +0200, GMT+2, 16.2, 51.42525
2020/07/03 04:43 +0200, GMT+2, 16.1, 51.44251
2020/07/03 05:03 +0200, GMT+2, 16, 51.45963
2020/07/03 05:23 +0200, GMT+2, 16, 51.47664
2020/07/03 05:43 +0200, GMT+2, 15.9, 51.49356
2020/07/03 06:03 +0200, GMT+2, 15.8, 51.51034
2020/07/03 06:23 +0200, GMT+2, 15.8, 51.52702
2020/07/03 06:43 +0200, GMT+2, 15.6, 51.54356
2020/07/03 07:03 +0200, GMT+2, 15.6, 51.55995
2020/07/03 07:23 +0200, GMT+2, 15.5, 51.57625
2020/07/03 07:43 +0200, GMT+2, 15.5, 51.59246
2020/07/03 08:03 +0200, GMT+2, 15.3, 51.60854
2020/07/03 08:23 +0200, GMT+2, 15.3, 51.62447
2020/07/03 08:43 +0200, GMT+2, 15.2, 51.64031
2020/07/03 09:03 +0200, GMT+2, 15.1, 51.65602
2020/07/03 09:23 +0200, GMT+2, 15.1, 51.67164
2020/07/03 09:43 +0200, GMT+2, 15, 51.68717
2020/07/03 10:03 +0200, GMT+2, 15, 51.70262
2020/07/03 10:23 +0200, GMT+2, 15, 51.71804
2020/07/03 10:43 +0200, GMT+2, 14.9, 51.73337
2020/07/03 11:03 +0200, GMT+2, 14.8, 51.74856
2020/07/03 11:23 +0200, GMT+2, 14.8, 51.76368
2020/07/03 11:43 +0200, GMT+2, 14.8, 51.77876
2020/07/03 12:03 +0200, GMT+2, 14.8, 51.79381
2020/07/03 12:23 +0200, GMT+2, 14.7, 51.80877
2020/07/03 12:43 +0200, GMT+2, 14.7, 51.82365
2020/07/03 13:03 +0200, GMT+2, 14.7, 51.8385
2020/07/03 13:23 +0200, GMT+2, 14.7, 51.85332
2020/07/03 13:43 +0200, GMT+2, 14.7, 51.86811
2020/07/03 14:03 +0200, GMT+2, 14.7, 51.88286
2020/07/03 14:23 +0200, GMT+2, 14.7, 51.89758
2020/07/03 14:43 +0200, GMT+2, 14.7, 51.91227
2020/07/03 15:03 +0200, GMT+2, 14.7, 51.92692
2020/07/03 15:23 +0200, GMT+2, 14.8, 51.94159
2020/07/03 15:43 +0200, GMT+2, 14.8, 51.95628
2020/07/03 16:03 +0200, GMT+2, 14.8, 51.97094
2020/07/03 16:23 +0200, GMT+2, 14.8, 51.98556
2020/07/03 16:43 +0200, GMT+2, 14.8, 52.00015
2020/07/03 17:03 +0200, GMT+2, 14.9, 52.01475
2020/07/03 17:23 +0200, GMT+2, 14.9, 52.02938
2020/07/03 17:43 +0200, GMT+2, 14.9, 52.04397
2020/07/03 18:03 +0200, GMT+2, 15, 52.05857
2020/07/03 18:23 +0200, GMT+2, 15, 52.07319
2020/07/03 18:43 +0200, GMT+2, 15, 52.08778
2020/07/03 19:03 +0200, GMT+2, 15, 52.10233
2020/07/03 19:23 +0200, GMT+2, 15, 52.11686
2020/07/03 19:43 +0200, GMT+2, 15, 52.13135
2020/07/03 20:03 +0200, GMT+2, 15.1, 52.14585
2020/07/03 20:23 +0200, GMT+2, 15.1, 52.16038
2020/07/03 20:43 +0200, GMT+2, 15.1, 52.17487
2020/07/03 21:03 +0200, GMT+2, 15.1, 52.18932
2020/07/03 21:23 +0200, GMT+2, 15.1, 52.20375
2020/07/03 21:43 +0200, GMT+2, 15.1, 52.21814
2020/07/03 22:03 +0200, GMT+2, 15.1, 52.23251
2020/07/03 22:23 +0200, GMT+2, 15.1, 52.24684
2020/07/03 22:43 +0200, GMT+2, 15.1, 52.26114
2020/07/03 23:03 +0200, GMT+2, 15.1, 52.27541
2020/07/03 23:23 +0200, GMT+2, 15.1, 52.28965
2020/07/03 23:43 +0200, GMT+2, 15.1, 52.30385
2020/07/04 00:03 +0200, GMT+2, 15.1, 52.31803
2020/07/04 00:23 +0200, GMT+2, 15.1, 52.33218
2020/07/04 00:43 +0200, GMT+2, 15.1, 52.34629
2020/07/04 01:03 +0200, GMT+2, 15.1, 52.36038
2020/07/04 01:23 +0200, GMT+2, 15.1, 52.37443
2020/07/04 01:43 +0200, GMT+2, 15.1, 52.38846
2020/07/04 02:03 +0200, GMT+2, 15.1, 52.40245
2020/07/04 02:23 +0200, GMT+2, 15.1, 52.41641
2020/07/04 02:43 +0200, GMT+2, 15.1, 52.43035
2020/07/04 03:03 +0200, GMT+2, 15.1, 52.44425
2020/07/04 03:23 +0200, GMT+2, 15.1, 52.45812
2020/07/04 03:43 +0200, GMT+2, 15.1, 52.47197
2020/07/04 04:03 +0200, GMT+2, 15.1, 52.48578
2020/07/04 04:23 +0200, GMT+2, 15.1, 52.49957
2020/07/04 04:43 +0200, GMT+2, 15.1, 52.51332
2020/07/04 05:03 +0200, GMT+2, 15.1, 52.52705
2020/07/04 05:23 +0200, GMT+2, 15.1, 52.54075
2020/07/04 05:43 +0200, GMT+2, 15.1, 52.55442
2020/07/04 06:03 +0200, GMT+2, 15.2, 52.5681
2020/07/04 06:23 +0200, GMT+2, 15.2, 52.5818
2020/07/04 06:43 +0200, GMT+2, 15.2, 52.59547
2020/07/04 07:03 +0200, GMT+2, 15.2, 52.60911
2020/07/04 07:23 +0200, GMT+2, 15.2, 52.62272
2020/07/04 07:43 +0200, GMT+2, 15.2, 52.6363
2020/07/04 08:03 +0200, GMT+2, 15.2, 52.64985
2020/07/04 08:23 +0200, GMT+2, 15.2, 52.66337
2020/07/04 08:43 +0200, GMT+2, 15.2, 52.67687
2020/07/04 09:03 +0200, GMT+2, 15.3, 52.69038
2020/07/04 09:23 +0200, GMT+2, 15.3, 52.7039
2020/07/04 09:43 +0200, GMT+2, 15.3, 52.7174
2020/07/04 10:03 +0200, GMT+2, 15.3, 52.73087
2020/07/04 10:23 +0200, GMT+2, 15.3, 52.74431
2020/07/04 10:43 +0200, GMT+2, 15.3, 52.75772
2020/07/04 11:03 +0200, GMT+2, 15.4, 52.77114
2020/07/04 11:23 +0200, GMT+2, 15.4, 52.78458
2020/07/04 11:43 +0200, GMT+2, 15.4, 52.79799
2020/07/04 12:03 +0200, GMT+2, 15.4, 52.81137
2020/07/04 12:23 +0200, GMT+2, 15.5, 52.82477
2020/07/04 12:43 +0200, GMT+2, 15.5, 52.83818
2020/07/04 13:03 +0200, GMT+2, 15.5, 52.85156
2020/07/04 13:23 +0200, GMT+2, 15.5, 52.86492
2020/07/04 13:43 +0200, GMT+2, 15.5, 52.87824
2020/07/04 14:03 +0200, GMT+2, 15.6, 52.89158
2020/07/04 14:23 +0200, GMT+2, 15.6, 52.90493
2020/07/04 14:43 +0200, GMT+2, 15.6, 52.91826
2020/07/04 15:03 +0200, GMT+2, 15.6, 52.93156
2020/07/04 15:23 +0200, GMT+2, 15.7, 52.94487
2020/07/04 15:43 +0200, GMT+2, 15.7, 52.95819
2020/07/04 16:03 +0200, GMT+2, 15.8, 52.97153
2020/07/04 16:23 +0200, GMT+2, 15.8, 52.98488
2020/07/04 16:43 +0200, GMT+2, 15.8, 52.9982
2020/07/04 17:03 +0200, GMT+2, 15.9, 53.01154
2020/07/04 17:23 +0200, GMT+2, 15.8, 53.02485
2020/07/04 17:43 +0200, GMT+2, 15.9, 53.03813
2020/07/04 18:03 +0200, GMT+2, 15.9, 53.05142
2020/07/04 18:23 +0200, GMT+2, 16, 53.06472
2020/07/04 18:43 +0200, GMT+2, 16, 53.07804
2020/07/04 19:03 +0200, GMT+2, 16, 53.09133
2020/07/04 19:23 +0200, GMT+2, 16, 53.10459
2020/07/04 19:43 +0200, GMT+2, 16, 53.11783
2020/07/04 20:03 +0200, GMT+2, 16, 53.13103
2020/07/04 20:23 +0200, GMT+2, 16.1, 53.14425
2020/07/04 20:43 +0200, GMT+2, 16.1, 53.15748
2020/07/04 21:03 +0200, GMT+2, 16.1, 53.17068
2020/07/04 21:23 +0200, GMT+2, 16.1, 53.18386
2020/07/04 21:43 +0200, GMT+2, 16.1, 53.197
2020/07/04 22:03 +0200, GMT+2, 16.1, 53.21012
2020/07/04 22:23 +0200, GMT+2, 16.1, 53.22321
2020/07/04 22:43 +0200, GMT+2, 16, 53.23623
2020/07/04 23:03 +0200, GMT+2, 16.1, 53.24923
2020/07/04 23:23 +0200, GMT+2, 16, 53.26219
2020/07/04 23:43 +0200, GMT+2, 16, 53.27509
2020/07/05 00:03 +0200, GMT+2, 16, 53.28796
2020/07/05 00:23 +0200, GMT+2, 16, 53.30081
2020/07/05 00:43 +0200, GMT+2, 16, 53.31363
2020/07/05 01:03 +0200, GMT+2, 16, 53.32642
2020/07/05 01:23 +0200, GMT+2, 16, 53.33918
2020/07/05 01:43 +0200, GMT+2, 16, 53.35192
2020/07/05 02:03 +0200, GMT+2, 15.9, 53.36459
2020/07/05 02:23 +0200, GMT+2, 15.9, 53.37719
2020/07/05 02:43 +0200, GMT+2, 15.9, 53.38977
2020/07/05 03:03 +0200, GMT+2, 15.8, 53.40229
2020/07/05 03:23 +0200, GMT+2, 15.8, 53.41473
2020/07/05 03:43 +0200, GMT+2, 15.8, 53.42716
2020/07/05 04:03 +0200, GMT+2, 15.8, 53.43955
2020/07/05 04:23 +0200, GMT+2, 15.8, 53.45193
2020/07/05 04:43 +0200, GMT+2, 15.8, 53.46427
2020/07/05 05:03 +0200, GMT+2, 15.8, 53.47659
2020/07/05 05:23 +0200, GMT+2, 15.8, 53.48889
2020/07/05 05:43 +0200, GMT+2, 15.8, 53.50116
2020/07/05 06:03 +0200, GMT+2, 15.7, 53.51337
2020/07/05 06:23 +0200, GMT+2, 15.7, 53.52552
2020/07/05 06:43 +0200, GMT+2, 15.6, 53.5376
2020/07/05 07:03 +0200, GMT+2, 15.6, 53.54962
2020/07/05 07:23 +0200, GMT+2, 15.5, 53.56157
2020/07/05 07:43 +0200, GMT+2, 15.5, 53.57347
2020/07/05 08:03 +0200, GMT+2, 15.4, 53.58531
2020/07/05 08:23 +0200, GMT+2, 15.3, 53.59704
2020/07/05 08:43 +0200, GMT+2, 15.2, 53.60868
2020/07/05 09:03 +0200, GMT+2, 15.1, 53.62022
2020/07/05 09:23 +0200, GMT+2, 15, 53.63167
2020/07/05 09:43 +0200, GMT+2, 14.9, 53.64302
2020/07/05 10:03 +0200, GMT+2, 14.8, 53.65428
2020/07/05 10:23 +0200, GMT+2, 14.7, 53.66536
2020/07/05 10:43 +0200, GMT+2, 14.6, 53.67643
2020/07/05 11:03 +0200, GMT+2, 14.6, 53.68745
2020/07/05 11:23 +0200, GMT+2, 14.6, 53.69844
2020/07/05 11:43 +0200, GMT+2, 14.5, 53.70938
2020/07/05 12:03 +0200, GMT+2, 14.5, 53.72026
2020/07/05 12:23 +0200, GMT+2, 14.5, 53.73112
2020/07/05 12:43 +0200, GMT+2, 14.5, 53.74196
2020/07/05 13:03 +0200, GMT+2, 14.5, 53.75278
2020/07/05 13:23 +0200, GMT+2, 14.5, 53.76358
2020/07/05 13:43 +0200, GMT+2, 14.5, 53.77436
2020/07/05 14:03 +0200, GMT+2, 14.6, 53.78515
2020/07/05 14:23 +0200, GMT+2, 14.6, 53.79597
2020/07/05 14:43 +0200, GMT+2, 14.6, 53.80676
2020/07/05 15:03 +0200, GMT+2, 14.7, 53.81757
2020/07/05 15:23 +0200, GMT+2, 14.8, 53.82842
2020/07/05 15:43 +0200, GMT+2, 14.8, 53.8393
2020/07/05 16:03 +0200, GMT+2, 14.8, 53.85015
2020/07/05 16:23 +0200, GMT+2, 14.9, 53.86102
2020/07/05 16:43 +0200, GMT+2, 15, 53.87194
2020/07/05 17:03 +0200, GMT+2, 15, 53.88287
2020/07/05 17:23 +0200, GMT+2, 15, 53.89378
2020/07/05 17:43 +0200, GMT+2, 15, 53.90468
2020/07/05 18:03 +0200, GMT+2, 15.1, 53.91559
2020/07/05 18:23 +0200, GMT+2, 15.1, 53.92651
2020/07/05 18:43 +0200, GMT+2, 15.1, 53.93741
2020/07/05 19:03 +0200, GMT+2, 15.2, 53.94833
2020/07/05 19:23 +0200, GMT+2, 15.3, 53.95929
2020/07/05 19:43 +0200, GMT+2, 15.3, 53.97027
2020/07/05 20:03 +0200, GMT+2, 15.3, 53.98123
2020/07/05 20:23 +0200, GMT+2, 15.3, 53.99217
2020/07/05 20:43 +0200, GMT+2, 15.3, 54.00309
2020/07/05 21:03 +0200, GMT+2, 15.3, 54.01399
2020/07/05 21:23 +0200, GMT+2, 15.3, 54.02486
2020/07/05 21:43 +0200, GMT+2, 15.3, 54.03572
2020/07/05 22:03 +0200, GMT+2, 15.3, 54.04656
2020/07/05 22:23 +0200, GMT+2, 15.2, 54.05734
2020/07/05 22:43 +0200, GMT+2, 15.1, 54.06803
2020/07/05 23:03 +0200, GMT+2, 15.1, 54.07867
2020/07/05 23:23 +0200, GMT+2, 15, 54.08926
2020/07/05 23:43 +0200, GMT+2, 15, 54.09979
2020/07/06 00:03 +0200, GMT+2, 14.9, 54.11027
2020/07/06 00:23 +0200, GMT+2, 14.8, 54.12066
2020/07/06 00:43 +0200, GMT+2, 14.8, 54.131
2020/07/06 01:03 +0200, GMT+2, 14.7, 54.14129
2020/07/06 01:23 +0200, GMT+2, 14.6, 54.15149
2020/07/06 01:43 +0200, GMT+2, 14.6, 54.16164
2020/07/06 02:03 +0200, GMT+2, 14.5, 54.17174
2020/07/06 02:23 +0200, GMT+2, 14.5, 54.18179
2020/07/06 02:43 +0200, GMT+2, 14.5, 54.19182
2020/07/06 03:03 +0200, GMT+2, 14.3, 54.20177
2020/07/06 03:23 +0200, GMT+2, 14.3, 54.21164
2020/07/06 03:43 +0200, GMT+2, 14.3, 54.22149
2020/07/06 04:03 +0200, GMT+2, 14.2, 54.23129
2020/07/06 04:23 +0200, GMT+2, 14.1, 54.24101
2020/07/06 04:43 +0200, GMT+2, 14.1, 54.25068
2020/07/06 05:03 +0200, GMT+2, 14, 54.2603
2020/07/06 05:23 +0200, GMT+2, 14, 54.26987
2020/07/06 05:43 +0200, GMT+2, 13.8, 54.27936
2020/07/06 06:03 +0200, GMT+2, 13.8, 54.28877
2020/07/06 06:23 +0200, GMT+2, 13.8, 54.29817
2020/07/06 06:43 +0200, GMT+2, 13.7, 54.30752
2020/07/06 07:03 +0200, GMT+2, 13.6, 54.3168
2020/07/06 07:23 +0200, GMT+2, 13.6, 54.32602
2020/07/06 07:43 +0200, GMT+2, 13.5, 54.33521
2020/07/06 08:03 +0200, GMT+2, 13.5, 54.34434
2020/07/06 08:23 +0200, GMT+2, 13.4, 54.35343
2020/07/06 08:43 +0200, GMT+2, 13.3, 54.36245
2020/07/06 09:03 +0200, GMT+2, 13.3, 54.37141
2020/07/06 09:23 +0200, GMT+2, 13.3, 54.38037
2020/07/06 09:43 +0200, GMT+2, 13.2, 54.38928
2020/07/06 10:03 +0200, GMT+2, 13.2, 54.39814
2020/07/06 10:23 +0200, GMT+2, 13.1, 54.40697
2020/07/06 10:43 +0200, GMT+2, 13.1, 54.41574
2020/07/06 11:03 +0200, GMT+2, 13.1, 54.42451
2020/07/06 11:23 +0200, GMT+2, 13.1, 54.43326
2020/07/06 11:43 +0200, GMT+2, 13.1, 54.44199
2020/07/06 12:03 +0200, GMT+2, 13.1, 54.45071
2020/07/06 12:23 +0200, GMT+2, 13.2, 54.45945
2020/07/06 12:43 +0200, GMT+2, 13.3, 54.46824
2020/07/06 13:03 +0200, GMT+2, 13.3, 54.47704
2020/07/06 13:23 +0200, GMT+2, 13.4, 54.48586
2020/07/06 13:43 +0200, GMT+2, 13.5, 54.49472
2020/07/06 14:03 +0200, GMT+2, 13.5, 54.5036
2020/07/06 14:23 +0200, GMT+2, 13.6, 54.5125
2020/07/06 14:43 +0200, GMT+2, 13.6, 54.52141
2020/07/06 15:03 +0200, GMT+2, 13.7, 54.53034
2020/07/06 15:23 +0200, GMT+2, 13.8, 54.53931
2020/07/06 15:43 +0200, GMT+2, 13.9, 54.54833
2020/07/06 16:03 +0200, GMT+2, 14, 54.55739
2020/07/06 16:23 +0200, GMT+2, 14.1, 54.5665
2020/07/06 16:43 +0200, GMT+2, 14.2, 54.57566
2020/07/06 17:03 +0200, GMT+2, 14.3, 54.58486
2020/07/06 17:23 +0200, GMT+2, 14.4, 54.59411
2020/07/06 17:43 +0200, GMT+2, 14.5, 54.6034
2020/07/06 18:03 +0200, GMT+2, 14.6, 54.61274
2020/07/06 18:23 +0200, GMT+2, 14.6, 54.62209
2020/07/06 18:43 +0200, GMT+2, 14.8, 54.63149
2020/07/06 19:03 +0200, GMT+2, 14.8, 54.64093
2020/07/06 19:23 +0200, GMT+2, 14.9, 54.65039
2020/07/06 19:43 +0200, GMT+2, 15, 54.6599
2020/07/06 20:03 +0200, GMT+2, 15.1, 54.66944
2020/07/06 20:23 +0200, GMT+2, 15.1, 54.679
2020/07/06 20:43 +0200, GMT+2, 15.1, 54.68855
2020/07/06 21:03 +0200, GMT+2, 15.1, 54.69808
2020/07/06 21:23 +0200, GMT+2, 15.2, 54.70762
2020/07/06 21:43 +0200, GMT+2, 15.2, 54.71718
2020/07/06 22:03 +0200, GMT+2, 15.2, 54.72672
2020/07/06 22:23 +0200, GMT+2, 15.2, 54.73624
2020/07/06 22:43 +0200, GMT+2, 15.2, 54.74575
2020/07/06 23:03 +0200, GMT+2, 15.1, 54.75521
2020/07/06 23:23 +0200, GMT+2, 15.1, 54.76462
2020/07/06 23:43 +0200, GMT+2, 15.1, 54.77402
2020/07/07 00:03 +0200, GMT+2, 15, 54.78337
2020/07/07 00:23 +0200, GMT+2, 15, 54.79268
2020/07/07 00:43 +0200, GMT+2, 15, 54.80197
2020/07/07 01:03 +0200, GMT+2, 14.9, 54.81121
2020/07/07 01:23 +0200, GMT+2, 14.9, 54.82041
2020/07/07 01:43 +0200, GMT+2, 14.8, 54.82956
2020/07/07 02:03 +0200, GMT+2, 14.8, 54.83867
2020/07/07 02:23 +0200, GMT+2, 14.8, 54.84776
2020/07/07 02:43 +0200, GMT+2, 14.7, 54.85681
2020/07/07 03:03 +0200, GMT+2, 14.6, 54.86579
2020/07/07 03:23 +0200, GMT+2, 14.6, 54.87472
2020/07/07 03:43 +0200, GMT+2, 14.6, 54.88363
2020/07/07 04:03 +0200, GMT+2, 14.5, 54.8925
2020/07/07 04:23 +0200, GMT+2, 14.5, 54.90133
2020/07/07 04:43 +0200, GMT+2, 14.5, 54.91015
2020/07/07 05:03 +0200, GMT+2, 14.4, 54.91892
2020/07/07 05:23 +0200, GMT+2, 14.4, 54.92765
2020/07/07 05:43 +0200, GMT+2, 14.3, 54.93633
2020/07/07 06:03 +0200, GMT+2, 14.3, 54.94497
2020/07/07 06:23 +0200, GMT+2, 14.3, 54.9536
2020/07/07 06:43 +0200, GMT+2, 14.3, 54.96222
2020/07/07 07:03 +0200, GMT+2, 14.2, 54.97079
2020/07/07 07:23 +0200, GMT+2, 14.1, 54.97929
2020/07/07 07:43 +0200, GMT+2, 14.1, 54.98775
2020/07/07 08:03 +0200, GMT+2, 14.1, 54.9962
2020/07/07 08:23 +0200, GMT+2, 14.1, 55.00464
2020/07/07 08:43 +0200, GMT+2, 14.1, 55.01306
2020/07/07 09:03 +0200, GMT+2, 14.1, 55.02147
2020/07/07 09:23 +0200, GMT+2, 14, 55.02983
2020/07/07 09:43 +0200, GMT+2, 14, 55.03816
2020/07/07 10:03 +0200, GMT+2, 14, 55.04647
2020/07/07 10:23 +0200, GMT+2, 14.1, 55.0548
2020/07/07 10:43 +0200, GMT+2, 14.1, 55.06314
2020/07/07 11:03 +0200, GMT+2, 14.1, 55.07147
2020/07/07 11:23 +0200, GMT+2, 14.1, 55.07979
2020/07/07 11:43 +0200, GMT+2, 14.1, 55.08809
2020/07/07 12:03 +0200, GMT+2, 14.1, 55.09638
2020/07/07 12:23 +0200, GMT+2, 14, 55.10463
2020/07/07 12:43 +0200, GMT+2, 14, 55.11284
2020/07/07 13:03 +0200, GMT+2, 14, 55.12104
2020/07/07 13:23 +0200, GMT+2, 14, 55.12923
2020/07/07 13:43 +0200, GMT+2, 14, 55.1374
2020/07/07 14:03 +0200, GMT+2, 14, 55.14556
2020/07/07 14:23 +0200, GMT+2, 14, 55.15371
2020/07/07 14:43 +0200, GMT+2, 14, 55.16184
2020/07/07 15:03 +0200, GMT+2, 14, 55.16996
2020/07/07 15:23 +0200, GMT+2, 13.9, 55.17805
2020/07/07 15:43 +0200, GMT+2, 13.9, 55.18609
2020/07/07 16:03 +0200, GMT+2, 13.9, 55.19412
2020/07/07 16:23 +0200, GMT+2, 13.9, 55.20214
2020/07/07 16:43 +0200, GMT+2, 13.8, 55.21012
2020/07/07 17:03 +0200, GMT+2, 13.8, 55.21806
2020/07/07 17:23 +0200, GMT+2, 13.7, 55.22596
2020/07/07 17:43 +0200, GMT+2, 13.6, 55.2338
2020/07/07 18:03 +0200, GMT+2, 13.6, 55.2416
2020/07/07 18:23 +0200, GMT+2, 13.6, 55.24939
2020/07/07 18:43 +0200, GMT+2, 13.6, 55.25717
2020/07/07 19:03 +0200, GMT+2, 13.5, 55.26491
2020/07/07 19:23 +0200, GMT+2, 13.5, 55.27261
2020/07/07 19:43 +0200, GMT+2, 13.5, 55.2803
2020/07/07 20:03 +0200, GMT+2, 13.5, 55.28798
2020/07/07 20:23 +0200, GMT+2, 13.5, 55.29564
2020/07/07 20:43 +0200, GMT+2, 13.5, 55.3033
2020/07/07 21:03 +0200, GMT+2, 13.5, 55.31095
2020/07/07 21:23 +0200, GMT+2, 13.5, 55.31858
2020/07/07 21:43 +0200, GMT+2, 13.5, 55.3262
2020/07/07 22:03 +0200, GMT+2, 13.5, 55.33381
2020/07/07 22:23 +0200, GMT+2, 13.4, 55.34139
2020/07/07 22:43 +0200, GMT+2, 13.4, 55.34893
2020/07/07 23:03 +0200, GMT+2, 13.4, 55.35646
2020/07/07 23:23 +0200, GMT+2, 13.4, 55.36397
2020/07/07 23:43 +0200, GMT+2, 13.3, 55.37145
2020/07/08 00:03 +0200, GMT+2, 13.3, 55.3789
2020/07/08 00:23 +0200, GMT+2, 13.3, 55.38633
2020/07/08 00:43 +0200, GMT+2, 13.3, 55.39375
2020/07/08 01:03 +0200, GMT+2, 13.3, 55.40117
2020/07/08 01:23 +0200, GMT+2, 13.3, 55.40857
2020/07/08 01:43 +0200, GMT+2, 13.3, 55.41596
2020/07/08 02:03 +0200, GMT+2, 13.2, 55.42331
2020/07/08 02:23 +0200, GMT+2, 13.3, 55.43066
2020/07/08 02:43 +0200, GMT+2, 13.2, 55.43799
2020/07/08 03:03 +0200, GMT+2, 13.2, 55.44529
2020/07/08 03:23 +0200, GMT+2, 13.2, 55.45258
2020/07/08 03:43 +0200, GMT+2, 13.1, 55.45983
2020/07/08 04:03 +0200, GMT+2, 13.1, 55.46705
2020/07/08 04:23 +0200, GMT+2, 13.1, 55.47426
2020/07/08 04:43 +0200, GMT+2, 13.1, 55.48146
2020/07/08 05:03 +0200, GMT+2, 13.1, 55.48865
2020/07/08 05:23 +0200, GMT+2, 13.1, 55.49583
2020/07/08 05:43 +0200, GMT+2, 13.1, 55.503
2020/07/08 06:03 +0200, GMT+2, 13, 55.51013
2020/07/08 06:23 +0200, GMT+2, 13, 55.51723
2020/07/08 06:43 +0200, GMT+2, 13, 55.52432
2020/07/08 07:03 +0200, GMT+2, 13, 55.5314
2020/07/08 07:23 +0200, GMT+2, 13, 55.53847
2020/07/08 07:43 +0200, GMT+2, 12.9, 55.5455
2020/07/08 08:03 +0200, GMT+2, 12.9, 55.55251
2020/07/08 08:23 +0200, GMT+2, 12.9, 55.55949
2020/07/08 08:43 +0200, GMT+2, 12.9, 55.56647
2020/07/08 09:03 +0200, GMT+2, 12.9, 55.57344
2020/07/08 09:23 +0200, GMT+2, 12.9, 55.58041
2020/07/08 09:43 +0200, GMT+2, 12.9, 55.58736
2020/07/08 10:03 +0200, GMT+2, 12.9, 55.59431
2020/07/08 10:23 +0200, GMT+2, 12.9, 55.60124
2020/07/08 10:43 +0200, GMT+2, 13, 55.60819
2020/07/08 11:03 +0200, GMT+2, 13, 55.61516
2020/07/08 11:23 +0200, GMT+2, 13, 55.62211
2020/07/08 11:43 +0200, GMT+2, 13, 55.62906
2020/07/08 12:03 +0200, GMT+2, 13, 55.636
2020/07/08 12:23 +0200, GMT+2, 13.1, 55.64295
2020/07/08 12:43 +0200, GMT+2, 13.1, 55.64991
2020/07/08 13:03 +0200, GMT+2, 13.2, 55.65689
2020/07/08 13:23 +0200, GMT+2, 13.3, 55.66391
2020/07/08 13:43 +0200, GMT+2, 13.4, 55.67096
2020/07/08 14:03 +0200, GMT+2, 13.5, 55.67806
2020/07/08 14:23 +0200, GMT+2, 13.5, 55.68517
2020/07/08 14:43 +0200, GMT+2, 13.6, 55.69229
2020/07/08 15:03 +0200, GMT+2, 13.6, 55.69942
2020/07/08 15:23 +0200, GMT+2, 13.6, 55.70655
2020/07/08 15:43 +0200, GMT+2, 13.7, 55.71369
2020/07/08 16:03 +0200, GMT+2, 13.7, 55.72085
2020/07/08 16:23 +0200, GMT+2, 13.8, 55.72801
2020/07/08 16:43 +0200, GMT+2, 13.8, 55.7352
2020/07/08 17:03 +0200, GMT+2, 13.8, 55.74237
2020/07/08 17:23 +0200, GMT+2, 13.8, 55.74953
2020/07/08 17:43 +0200, GMT+2, 13.8, 55.75668
2020/07/08 18:03 +0200, GMT+2, 13.9, 55.76385
2020/07/08 18:23 +0200, GMT+2, 13.9, 55.77103
2020/07/08 18:43 +0200, GMT+2, 14, 55.77822
2020/07/08 19:03 +0200, GMT+2, 14, 55.78542
2020/07/08 19:23 +0200, GMT+2, 14, 55.79262
2020/07/08 19:43 +0200, GMT+2, 14, 55.79981
2020/07/08 20:03 +0200, GMT+2, 14, 55.80698
2020/07/08 20:23 +0200, GMT+2, 14, 55.81415
2020/07/08 20:43 +0200, GMT+2, 14, 55.8213
2020/07/08 21:03 +0200, GMT+2, 14, 55.82845
2020/07/08 21:23 +0200, GMT+2, 14.1, 55.83561
2020/07/08 21:43 +0200, GMT+2, 14, 55.84275
2020/07/08 22:03 +0200, GMT+2, 14, 55.84987
2020/07/08 22:23 +0200, GMT+2, 14, 55.85697
2020/07/08 22:43 +0200, GMT+2, 14, 55.86407
2020/07/08 23:03 +0200, GMT+2, 14, 55.87115
2020/07/08 23:23 +0200, GMT+2, 14, 55.87822
2020/07/08 23:43 +0200, GMT+2, 14, 55.88529
2020/07/09 00:03 +0200, GMT+2, 14, 55.89234
2020/07/09 00:23 +0200, GMT+2, 13.9, 55.89936
2020/07/09 00:43 +0200, GMT+2, 13.9, 55.90635
2020/07/09 01:03 +0200, GMT+2, 13.9, 55.91332
2020/07/09 01:23 +0200, GMT+2, 13.9, 55.92029
2020/07/09 01:43 +0200, GMT+2, 13.8, 55.92723
2020/07/09 02:03 +0200, GMT+2, 13.8, 55.93413
2020/07/09 02:23 +0200, GMT+2, 13.8, 55.94102
2020/07/09 02:43 +0200, GMT+2, 13.8, 55.9479
2020/07/09 03:03 +0200, GMT+2, 13.8, 55.95477
2020/07/09 03:23 +0200, GMT+2, 13.8, 55.96164
2020/07/09 03:43 +0200, GMT+2, 13.7, 55.96847
2020/07/09 04:03 +0200, GMT+2, 13.7, 55.97527
2020/07/09 04:23 +0200, GMT+2, 13.6, 55.98203
2020/07/09 04:43 +0200, GMT+2, 13.6, 55.98877
2020/07/09 05:03 +0200, GMT+2, 13.6, 55.99549
2020/07/09 05:23 +0200, GMT+2, 13.6, 56.00221
2020/07/09 05:43 +0200, GMT+2, 13.6, 56.00891
2020/07/09 06:03 +0200, GMT+2, 13.5, 56.01559
2020/07/09 06:23 +0200, GMT+2, 13.5, 56.02223
2020/07/09 06:43 +0200, GMT+2, 13.5, 56.02887
2020/07/09 07:03 +0200, GMT+2, 13.5, 56.03549
2020/07/09 07:23 +0200, GMT+2, 13.4, 56.04209
2020/07/09 07:43 +0200, GMT+2, 13.3, 56.04863
2020/07/09 08:03 +0200, GMT+2, 13.3, 56.05514
2020/07/09 08:23 +0200, GMT+2, 13.3, 56.06164
2020/07/09 08:43 +0200, GMT+2, 13.3, 56.06813
2020/07/09 09:03 +0200, GMT+2, 13.2, 56.07459
2020/07/09 09:23 +0200, GMT+2, 13.2, 56.08102
2020/07/09 09:43 +0200, GMT+2, 13.1, 56.08742
2020/07/09 10:03 +0200, GMT+2, 13.1, 56.09379
2020/07/09 10:23 +0200, GMT+2, 13.1, 56.10016
2020/07/09 10:43 +0200, GMT+2, 13.1, 56.10651
2020/07/09 11:03 +0200, GMT+2, 13.1, 56.11285
2020/07/09 11:23 +0200, GMT+2, 13.1, 56.11919
2020/07/09 11:43 +0200, GMT+2, 13.1, 56.12552
2020/07/10 13:03 +0200, GMT+2, 11.8, 56.5643
2020/07/10 13:23 +0200, GMT+2, 11.9, 56.56958
2020/07/10 13:43 +0200, GMT+2, 12, 56.57489
2020/07/10 14:03 +0200, GMT+2, 12, 56.58022
2020/07/11 03:59 +0200, GMT+2, 13.3, 56.80757
2020/07/11 04:39 +0200, GMT+2, 13.1, 56.81857
2020/07/11 04:59 +0200, GMT+2, 13.1, 56.82403
2020/07/11 05:19 +0200, GMT+2, 13.1, 56.82948
2020/07/11 05:39 +0200, GMT+2, 13, 56.83491
2020/07/11 05:59 +0200, GMT+2, 12.9, 56.84029
2020/07/11 06:19 +0200, GMT+2, 12.8, 56.84563
2020/07/11 06:39 +0200, GMT+2, 12.8, 56.85094
2020/07/11 06:59 +0200, GMT+2, 12.7, 56.85623
2020/07/11 07:19 +0200, GMT+2, 12.6, 56.86147
2020/07/11 07:39 +0200, GMT+2, 12.6, 56.86669
2020/07/11 07:59 +0200, GMT+2, 12.5, 56.87189
2020/07/11 08:19 +0200, GMT+2, 12.5, 56.87706
2020/07/11 08:39 +0200, GMT+2, 12.5, 56.88223
2020/07/11 08:59 +0200, GMT+2, 12.5, 56.88739
2020/07/11 09:19 +0200, GMT+2, 12.5, 56.89255
2020/07/11 09:39 +0200, GMT+2, 12.5, 56.8977
2020/07/11 09:59 +0200, GMT+2, 12.5, 56.90284
2020/07/11 10:19 +0200, GMT+2, 12.5, 56.90798
2020/07/11 10:39 +0200, GMT+2, 12.6, 56.91313
2020/07/11 10:59 +0200, GMT+2, 12.6, 56.91829
2020/07/11 11:19 +0200, GMT+2, 12.6, 56.92345
2020/07/11 11:39 +0200, GMT+2, 12.8, 56.92863
2020/07/11 11:59 +0200, GMT+2, 12.8, 56.93385
2020/07/11 12:19 +0200, GMT+2, 13.1, 56.93912
2020/07/11 12:39 +0200, GMT+2, 12.9, 56.94439
2020/07/11 12:59 +0200, GMT+2, 13.1, 56.94966
2020/07/11 13:19 +0200, GMT+2, 13.1, 56.95497
2020/07/11 15:12 +0200, GMT+2, 13.8, 56.98546
2020/07/11 15:32 +0200, GMT+2, 13.9, 56.99099
2020/07/11 15:52 +0200, GMT+2, 14, 56.99655
2020/07/11 16:12 +0200, GMT+2, 14.1, 57.00215
2020/07/11 16:32 +0200, GMT+2, 14.1, 57.00775
2020/07/11 16:52 +0200, GMT+2, 14.3, 57.01339
2020/07/11 18:27 +0200, GMT+2, 14.6, 57.04053
2020/07/11 18:47 +0200, GMT+2, 14.6, 57.04627
2020/07/11 19:07 +0200, GMT+2, 14.6, 57.05201
2020/07/11 19:27 +0200, GMT+2, 14.8, 57.05777
2020/07/11 19:47 +0200, GMT+2, 14.8, 57.06357
2020/07/11 20:07 +0200, GMT+2, 14.8, 57.06936
2020/07/11 20:27 +0200, GMT+2, 15, 57.07518
2020/07/11 20:47 +0200, GMT+2, 14.8, 57.08099
2020/07/11 21:07 +0200, GMT+2, 14.8, 57.08676
2020/07/11 21:27 +0200, GMT+2, 14.7, 57.0925
2020/07/11 21:47 +0200, GMT+2, 14.7, 57.09821
2020/07/11 22:07 +0200, GMT+2, 14.8, 57.10394
2020/07/11 22:27 +0200, GMT+2, 14.7, 57.10965
2020/07/11 22:47 +0200, GMT+2, 14.6, 57.11533
2020/07/11 23:07 +0200, GMT+2, 14.6, 57.12098
2020/07/11 23:27 +0200, GMT+2, 14.6, 57.12662
2020/07/11 23:47 +0200, GMT+2, 14.5, 57.13223
2020/07/12 00:07 +0200, GMT+2, 14.5, 57.13782
2020/07/12 00:27 +0200, GMT+2, 14.4, 57.14339
2020/07/12 00:47 +0200, GMT+2, 14.3, 57.14891
2020/07/12 01:07 +0200, GMT+2, 14.3, 57.1544
2020/07/12 01:27 +0200, GMT+2, 14.3, 57.15989
2020/07/12 01:47 +0200, GMT+2, 14.2, 57.16536
2020/07/12 02:07 +0200, GMT+2, 14.1, 57.17078
2020/07/12 02:27 +0200, GMT+2, 14.1, 57.17618
2020/07/12 02:47 +0200, GMT+2, 14, 57.18155
2020/07/12 03:07 +0200, GMT+2, 14, 57.1869
2020/07/12 03:27 +0200, GMT+2, 13.9, 57.19222
2020/07/12 03:47 +0200, GMT+2, 13.8, 57.1975
2020/07/12 04:07 +0200, GMT+2, 13.8, 57.20276
2020/07/12 04:27 +0200, GMT+2, 13.7, 57.208
2020/07/12 04:47 +0200, GMT+2, 13.6, 57.21319
2020/07/12 06:17 +0200, GMT+2, 13.3, 57.23613
2020/07/12 06:37 +0200, GMT+2, 13.2, 57.24115
2020/07/12 06:57 +0200, GMT+2, 13.1, 57.24613
2020/07/12 07:17 +0200, GMT+2, 13.1, 57.25109
2020/07/12 07:37 +0200, GMT+2, 13, 57.25603
2020/07/12 07:57 +0200, GMT+2, 13, 57.26094
2020/07/12 08:17 +0200, GMT+2, 13, 57.26585
2020/07/12 08:37 +0200, GMT+2, 12.9, 57.27074
2020/07/12 08:57 +0200, GMT+2, 12.9, 57.2756
2020/07/12 09:17 +0200, GMT+2, 12.9, 57.28046
2020/07/12 09:37 +0200, GMT+2, 12.9, 57.28531
2020/07/12 09:57 +0200, GMT+2, 12.9, 57.29016
2020/07/12 10:17 +0200, GMT+2, 12.9, 57.295
2020/07/12 10:37 +0200, GMT+2, 13, 57.29985
2020/07/12 10:57 +0200, GMT+2, 13, 57.30472
2020/07/12 11:17 +0200, GMT+2, 13, 57.30958
2020/07/12 11:37 +0200, GMT+2, 13.1, 57.31445
2020/07/12 11:57 +0200, GMT+2, 13.1, 57.31933
2020/07/12 12:17 +0200, GMT+2, 13.3, 57.32424
2020/07/12 12:37 +0200, GMT+2, 13.3, 57.32918
2020/07/12 12:57 +0200, GMT+2, 13.5, 57.33414
2020/07/12 13:17 +0200, GMT+2, 13.6, 57.33915
2020/07/12 13:37 +0200, GMT+2, 13.7, 57.34419
2020/07/12 13:57 +0200, GMT+2, 13.8, 57.34926
2020/07/12 14:17 +0200, GMT+2, 14, 57.35437
2020/07/12 14:37 +0200, GMT+2, 14.1, 57.35953
2020/07/12 14:57 +0200, GMT+2, 14.3, 57.36473
2020/07/12 15:17 +0200, GMT+2, 14.5, 57.37
2020/07/12 15:37 +0200, GMT+2, 14.7, 57.37533
2020/07/12 15:57 +0200, GMT+2, 14.9, 57.38072
2020/07/12 16:17 +0200, GMT+2, 15.1, 57.38618
2020/07/12 16:37 +0200, GMT+2, 15.2, 57.39168
2020/07/12 16:57 +0200, GMT+2, 15.5, 57.39724
2020/07/12 17:17 +0200, GMT+2, 15.8, 57.40291
2020/07/12 17:37 +0200, GMT+2, 16, 57.40866
2020/07/12 17:57 +0200, GMT+2, 16.2, 57.41447
2020/07/12 18:17 +0200, GMT+2, 16.5, 57.42036
2020/07/12 18:37 +0200, GMT+2, 16.7, 57.42634
2020/07/12 18:57 +0200, GMT+2, 17, 57.4324
2020/07/12 19:17 +0200, GMT+2, 17.1, 57.43853
2020/07/12 19:37 +0200, GMT+2, 17.6, 57.44476
2020/07/12 19:57 +0200, GMT+2, 17.5, 57.45105
2020/07/12 20:17 +0200, GMT+2, 17.9, 57.45739
2020/07/12 20:37 +0200, GMT+2, 17.8, 57.46378
2020/07/12 20:57 +0200, GMT+2, 17.8, 57.47014
2020/07/12 21:17 +0200, GMT+2, 17.9, 57.47651
2020/07/12 21:37 +0200, GMT+2, 17.9, 57.48289
2020/07/12 21:57 +0200, GMT+2, 17.8, 57.48924
2020/07/12 22:17 +0200, GMT+2, 17.8, 57.49557
2020/07/12 22:37 +0200, GMT+2, 17.8, 57.50188
2020/07/12 22:57 +0200, GMT+2, 17.8, 57.50818
2020/07/12 23:17 +0200, GMT+2, 17.8, 57.51448
2020/07/12 23:37 +0200, GMT+2, 17.7, 57.52075
2020/07/12 23:57 +0200, GMT+2, 17.6, 57.52697
2020/07/13 00:17 +0200, GMT+2, 17.6, 57.53316
2020/07/13 00:37 +0200, GMT+2, 17.6, 57.53935
2020/07/13 00:57 +0200, GMT+2, 17.6, 57.54552
2020/07/13 01:17 +0200, GMT+2, 17.6, 57.55169
2020/07/13 01:37 +0200, GMT+2, 17.6, 57.55784
2020/07/13 01:57 +0200, GMT+2, 17.5, 57.56398
2020/07/13 02:17 +0200, GMT+2, 17.5, 57.57008
2020/07/13 02:37 +0200, GMT+2, 17.5, 57.57617
2020/07/13 02:57 +0200, GMT+2, 17.4, 57.58224
2020/07/13 03:17 +0200, GMT+2, 17.4, 57.58828
2020/07/13 03:37 +0200, GMT+2, 17.3, 57.59429
2020/07/13 03:57 +0200, GMT+2, 17.2, 57.60026
2020/07/13 04:17 +0200, GMT+2, 17.3, 57.60623
2020/07/13 04:37 +0200, GMT+2, 17.2, 57.61218
2020/07/13 04:57 +0200, GMT+2, 17.1, 57.61809
2020/07/13 05:17 +0200, GMT+2, 17.1, 57.62397
2020/07/13 05:37 +0200, GMT+2, 17.1, 57.62984
2020/07/13 05:57 +0200, GMT+2, 17, 57.63569
2020/07/13 06:17 +0200, GMT+2, 17, 57.64152
2020/07/13 06:37 +0200, GMT+2, 17, 57.64733
2020/07/13 06:57 +0200, GMT+2, 16.9, 57.65312
2020/07/13 07:17 +0200, GMT+2, 16.8, 57.65886
2020/07/13 07:37 +0200, GMT+2, 16.8, 57.66459
2020/07/13 07:57 +0200, GMT+2, 16.8, 57.6703
2020/07/13 08:17 +0200, GMT+2, 16.8, 57.676
2020/07/13 08:37 +0200, GMT+2, 16.7, 57.68168
2020/07/13 08:57 +0200, GMT+2, 16.7, 57.68734
2020/07/13 09:17 +0200, GMT+2, 16.6, 57.69297
2020/07/13 09:37 +0200, GMT+2, 16.6, 57.69857
2020/07/13 09:57 +0200, GMT+2, 16.6, 57.70417
2020/07/13 10:17 +0200, GMT+2, 16.6, 57.70976
2020/07/13 10:37 +0200, GMT+2, 16.6, 57.71535
2020/07/13 10:57 +0200, GMT+2, 16.6, 57.72092
2020/07/13 11:17 +0200, GMT+2, 16.6, 57.72649
2020/07/13 11:37 +0200, GMT+2, 16.6, 57.73205
2020/07/13 11:57 +0200, GMT+2, 16.6, 57.7376
2020/07/13 12:17 +0200, GMT+2, 16.7, 57.74317
2020/07/13 12:37 +0200, GMT+2, 16.7, 57.74874
2020/07/13 12:57 +0200, GMT+2, 16.7, 57.7543
2020/07/13 13:17 +0200, GMT+2, 16.7, 57.75986
2020/07/13 13:37 +0200, GMT+2, 16.8, 57.76543
2020/07/13 13:57 +0200, GMT+2, 16.8, 57.771
2020/07/13 14:17 +0200, GMT+2, 16.8, 57.77657
2020/07/13 14:37 +0200, GMT+2, 16.8, 57.78214
2020/07/13 14:57 +0200, GMT+2, 16.8, 57.78769
2020/07/13 15:17 +0200, GMT+2, 16.8, 57.79324
2020/07/13 15:37 +0200, GMT+2, 16.8, 57.79878
2020/07/13 15:57 +0200, GMT+2, 16.8, 57.80431
2020/07/13 16:17 +0200, GMT+2, 16.9, 57.80985
2020/07/13 16:37 +0200, GMT+2, 16.9, 57.8154
2020/07/13 16:57 +0200, GMT+2, 16.9, 57.82094
2020/07/13 17:17 +0200, GMT+2, 16.9, 57.82648
2020/07/13 17:37 +0200, GMT+2, 16.8, 57.83199
2020/07/13 19:15 +0200, GMT+2, 16.7, 57.85871
2020/07/13 19:35 +0200, GMT+2, 16.7, 57.86413
2020/07/13 19:55 +0200, GMT+2, 16.7, 57.86954
2020/07/13 20:15 +0200, GMT+2, 16.7, 57.87494
2020/07/13 20:35 +0200, GMT+2, 16.8, 57.88036
2020/07/13 20:55 +0200, GMT+2, 16.9, 57.8858
2020/07/13 21:15 +0200, GMT+2, 16.7, 57.89121
2020/07/13 21:35 +0200, GMT+2, 16.7, 57.89659
2020/07/13 21:55 +0200, GMT+2, 16.7, 57.90196
2020/07/13 22:15 +0200, GMT+2, 16.7, 57.90732
2020/07/13 22:35 +0200, GMT+2, 16.6, 57.91266
2020/07/13 22:55 +0200, GMT+2, 16.6, 57.91797
2020/07/13 23:15 +0200, GMT+2, 16.6, 57.92328
2020/07/13 23:35 +0200, GMT+2, 16.5, 57.92857
2020/07/13 23:55 +0200, GMT+2, 16.5, 57.93383
2020/07/14 00:15 +0200, GMT+2, 16.5, 57.93909
2020/07/14 00:35 +0200, GMT+2, 16.4, 57.94432
2020/07/14 00:55 +0200, GMT+2, 16.4, 57.94953
2020/07/14 01:15 +0200, GMT+2, 16.4, 57.95473
2020/07/14 01:35 +0200, GMT+2, 16.3, 57.95991
2020/07/14 01:55 +0200, GMT+2, 16.3, 57.96507
2020/07/14 02:15 +0200, GMT+2, 16.2, 57.9702
2020/07/14 02:35 +0200, GMT+2, 16.2, 57.97532
2020/07/14 02:55 +0200, GMT+2, 16.1, 57.98041
2020/07/14 03:15 +0200, GMT+2, 16.1, 57.98548
2020/07/14 03:35 +0200, GMT+2, 16, 57.99052
2020/07/14 03:55 +0200, GMT+2, 15.9, 57.99553
2020/07/14 04:15 +0200, GMT+2, 15.8, 58.0005
2020/07/14 04:35 +0200, GMT+2, 15.8, 58.00545
2020/07/14 04:55 +0200, GMT+2, 15.7, 58.01038
2020/07/14 05:15 +0200, GMT+2, 15.6, 58.01527
2020/07/14 05:35 +0200, GMT+2, 15.6, 58.02014
2020/07/14 05:55 +0200, GMT+2, 15.5, 58.02499
2020/07/14 06:15 +0200, GMT+2, 15.5, 58.02982
2020/07/14 06:35 +0200, GMT+2, 15.4, 58.03462
2020/07/14 06:55 +0200, GMT+2, 15.3, 58.03939
2020/07/14 07:15 +0200, GMT+2, 15.2, 58.04413
2020/07/14 07:35 +0200, GMT+2, 15.1, 58.04883
2020/07/14 07:55 +0200, GMT+2, 15.1, 58.0535
2020/07/14 08:15 +0200, GMT+2, 15, 58.05816
2020/07/14 08:35 +0200, GMT+2, 15, 58.0628
2020/07/14 08:55 +0200, GMT+2, 15, 58.06743
2020/07/14 09:15 +0200, GMT+2, 14.9, 58.07204
2020/07/14 09:35 +0200, GMT+2, 14.8, 58.07662
2020/07/14 09:55 +0200, GMT+2, 14.8, 58.08118
2020/07/14 10:15 +0200, GMT+2, 14.8, 58.08573
2020/07/14 10:35 +0200, GMT+2, 14.8, 58.09027
2020/07/14 10:55 +0200, GMT+2, 14.7, 58.0948
2020/07/14 11:15 +0200, GMT+2, 14.7, 58.09931
2020/07/14 11:35 +0200, GMT+2, 14.7, 58.10381
2020/07/14 11:55 +0200, GMT+2, 14.8, 58.10832
2020/07/14 12:15 +0200, GMT+2, 14.7, 58.11282
2020/07/14 12:35 +0200, GMT+2, 14.8, 58.11733
2020/07/14 12:55 +0200, GMT+2, 14.8, 58.12184
2020/07/14 13:15 +0200, GMT+2, 14.7, 58.12633
2020/07/14 13:35 +0200, GMT+2, 14.8, 58.13081
2020/07/14 13:55 +0200, GMT+2, 14.8, 58.13531
2020/07/14 14:15 +0200, GMT+2, 14.8, 58.1398
2020/07/14 14:35 +0200, GMT+2, 14.8, 58.14428
2020/07/14 14:55 +0200, GMT+2, 14.7, 58.14875
2020/07/14 20:38 +0200, GMT+2, 14.7, 58.2244
2020/07/14 20:58 +0200, GMT+2, 14.6, 58.22875
2020/07/14 21:18 +0200, GMT+2, 14.6, 58.23308
2020/07/15 01:01 +0200, GMT+2, 14.3, 58.28051
2020/07/15 01:21 +0200, GMT+2, 14.3, 58.2847
2020/07/15 01:41 +0200, GMT+2, 14.1, 58.28885
2020/07/15 02:01 +0200, GMT+2, 14.3, 58.293
2020/07/15 02:21 +0200, GMT+2, 14.2, 58.29717
2020/07/15 02:41 +0200, GMT+2, 14.2, 58.30131
2020/07/15 03:01 +0200, GMT+2, 14.3, 58.30546
2020/07/15 03:21 +0200, GMT+2, 14.1, 58.3096
2020/07/15 05:55 +0200, GMT+2, 14, 58.34107
2020/07/15 13:23 +0200, GMT+2, 13.6, 58.42937
2020/07/15 13:43 +0200, GMT+2, 13.5, 58.43321
2020/07/15 14:03 +0200, GMT+2, 13.6, 58.43704
2020/07/16 01:33 +0200, GMT+2, 13.9, 58.56868
2020/07/16 04:08 +0200, GMT+2, 13.9, 58.59794
2020/07/16 04:28 +0200, GMT+2, 13.8, 58.60168
2020/07/16 04:48 +0200, GMT+2, 13.8, 58.60541
2020/07/16 05:08 +0200, GMT+2, 13.8, 58.60914
2020/07/16 12:50 +0200, GMT+2, 14.1, 58.69494
2020/07/16 13:30 +0200, GMT+2, 28.3, 58.70626
2020/07/16 14:10 +0200, GMT+2, 14.5, 58.71767
2020/07/16 14:30 +0200, GMT+2, 18.5, 58.72197
2020/07/16 14:50 +0200, GMT+2, 34.6, 58.72933
2020/07/16 15:10 +0200, GMT+2, 14.6, 58.73602
2020/07/16 15:30 +0200, GMT+2, 14.7, 58.73982
2020/07/16 15:50 +0200, GMT+2, 14.8, 58.74365
2020/07/16 16:10 +0200, GMT+2, 38.4, 58.75098
2020/07/16 16:30 +0200, GMT+2, 14.9, 58.75831
2020/07/16 16:50 +0200, GMT+2, 14.8, 58.76214
2020/07/16 17:10 +0200, GMT+2, 36.5, 58.76912
2020/07/16 17:30 +0200, GMT+2, 15.1, 58.77613
2020/07/16 17:50 +0200, GMT+2, 15.1, 58.78
2020/07/16 18:10 +0200, GMT+2, 15.2, 58.78389
2020/07/16 18:30 +0200, GMT+2, 15.3, 58.78779
2020/07/16 18:50 +0200, GMT+2, 21.5, 58.79252
2020/07/16 19:10 +0200, GMT+2, 24.4, 58.79857
2020/07/16 19:30 +0200, GMT+2, 25, 58.80516
2020/07/16 19:50 +0200, GMT+2, 15.8, 58.81043
2020/07/16 20:10 +0200, GMT+2, 28.5, 58.8162
2020/07/16 20:30 +0200, GMT+2, 16.2, 58.82203
2020/07/16 20:50 +0200, GMT+2, 15.7, 58.82607
2020/07/16 21:10 +0200, GMT+2, 15.7, 58.83004
2020/07/16 21:30 +0200, GMT+2, 15.8, 58.83402
2020/07/16 21:50 +0200, GMT+2, 15.8, 58.83801
2020/07/16 22:10 +0200, GMT+2, 15.8, 58.842
2020/07/16 22:30 +0200, GMT+2, 15.9, 58.84599
2020/07/16 22:50 +0200, GMT+2, 15.9, 58.84999
2020/07/16 23:10 +0200, GMT+2, 15.9, 58.85399
2020/07/16 23:30 +0200, GMT+2, 16, 58.85799
2020/07/16 23:50 +0200, GMT+2, 16, 58.862
2020/07/17 00:10 +0200, GMT+2, 16, 58.86601
2020/07/17 00:30 +0200, GMT+2, 16, 58.87001
2020/07/17 00:50 +0200, GMT+2, 16, 58.87401
2020/07/17 01:10 +0200, GMT+2, 16, 58.87801
2020/07/17 01:50 +0200, GMT+2, 16.1, 58.88601
2020/07/17 03:10 +0200, GMT+2, 16.1, 58.90201
2020/07/17 03:50 +0200, GMT+2, 16.2, 58.91001
2020/07/17 04:10 +0200, GMT+2, 16.2, 58.91402
2020/07/17 04:30 +0200, GMT+2, 16.2, 58.91802
2020/07/17 04:50 +0200, GMT+2, 16.2, 58.92202
2020/07/17 05:10 +0200, GMT+2, 16.2, 58.92601
2020/07/17 05:30 +0200, GMT+2, 16.2, 58.93
2020/07/17 05:50 +0200, GMT+2, 16.2, 58.93398
2020/07/17 06:10 +0200, GMT+2, 16.2, 58.93796
2020/07/17 06:30 +0200, GMT+2, 16.2, 58.94193
2020/07/17 06:50 +0200, GMT+2, 16.2, 58.9459
2020/07/17 07:10 +0200, GMT+2, 16.1, 58.94986
2020/07/17 07:30 +0200, GMT+2, 16.1, 58.9538
2020/07/17 09:30 +0200, GMT+2, 16.1, 58.97733
2020/07/17 09:50 +0200, GMT+2, 16.1, 58.98124
2020/07/17 10:10 +0200, GMT+2, 16.1, 58.98514
2020/07/17 10:30 +0200, GMT+2, 16.1, 58.98904
2020/07/17 10:50 +0200, GMT+2, 16.1, 58.99294
2020/07/17 11:10 +0200, GMT+2, 16.1, 58.99683
2020/07/17 11:30 +0200, GMT+2, 16.2, 59.00073
2020/07/17 11:50 +0200, GMT+2, 16.3, 59.00465
2020/07/17 12:10 +0200, GMT+2, 16.3, 59.00857
2020/07/17 12:30 +0200, GMT+2, 16.3, 59.0125
2020/07/17 12:50 +0200, GMT+2, 22.4, 59.01719
2020/07/17 13:10 +0200, GMT+2, 16.4, 59.02189
2020/07/18 19:01 +0200, GMT+2, 78.2, 60.15656
2020/07/18 19:41 +0200, GMT+2, 17.6, 60.17828
2020/07/18 20:21 +0200, GMT+2, 19.6, 60.18462
2020/07/18 20:41 +0200, GMT+2, 16.1, 60.18765
2020/07/18 21:01 +0200, GMT+2, 16, 60.19036
2020/07/18 22:01 +0200, GMT+2, 15.9, 60.19843
2020/07/18 22:21 +0200, GMT+2, 15.8, 60.2011
2020/07/18 22:41 +0200, GMT+2, 15.6, 60.20375
2020/07/18 23:01 +0200, GMT+2, 15.6, 60.20637
2020/07/18 23:21 +0200, GMT+2, 15.6, 60.20899
2020/07/18 23:41 +0200, GMT+2, 15.5, 60.2116
2020/07/19 00:01 +0200, GMT+2, 15.4, 60.21419
2020/07/19 00:21 +0200, GMT+2, 15.3, 60.21677
2020/07/19 00:41 +0200, GMT+2, 15.3, 60.21933
2020/07/19 01:01 +0200, GMT+2, 15.2, 60.22188
2020/07/19 01:21 +0200, GMT+2, 15.1, 60.22442
2020/07/19 01:41 +0200, GMT+2, 15.1, 60.22694
2020/07/19 02:01 +0200, GMT+2, 15, 60.22946
2020/07/19 02:21 +0200, GMT+2, 16.1, 60.23205
2020/07/20 16:26 +0200, GMT+2, 13.5, 60.50193
2020/07/20 16:46 +0200, GMT+2, 13.5, 60.504
2020/07/20 17:06 +0200, GMT+2, 13.5, 60.50607
2020/07/20 17:26 +0200, GMT+2, 13.5, 60.50814
2020/07/20 17:46 +0200, GMT+2, 13.6, 60.51021
2020/07/20 18:06 +0200, GMT+2, 13.6, 60.51229
2020/07/20 18:26 +0200, GMT+2, 13.8, 60.51438
2020/07/20 18:46 +0200, GMT+2, 13.8, 60.51649
2020/07/20 19:06 +0200, GMT+2, 13.8, 60.51859
2020/07/20 19:26 +0200, GMT+2, 13.8, 60.52069
2020/07/20 19:46 +0200, GMT+2, 13.9, 60.5228
2020/07/20 20:06 +0200, GMT+2, 14, 60.52492
2020/07/20 20:26 +0200, GMT+2, 14, 60.52704
2020/07/20 20:46 +0200, GMT+2, 14.1, 60.52917
2020/07/20 21:06 +0200, GMT+2, 14.1, 60.53131
2020/07/20 21:26 +0200, GMT+2, 14.1, 60.53344
2020/07/20 21:46 +0200, GMT+2, 14.2, 60.53558
2020/07/20 22:06 +0200, GMT+2, 14.1, 60.53772
2020/07/20 22:26 +0200, GMT+2, 14.1, 60.53985
2020/07/20 22:46 +0200, GMT+2, 14.1, 60.54198
2020/07/20 23:06 +0200, GMT+2, 14.1, 60.54411
2020/07/22 10:10 +0200, GMT+2, 14.8, 60.76436
2020/07/22 10:30 +0200, GMT+2, 14.8, 60.76642
2020/07/22 10:50 +0200, GMT+2, 14.8, 60.76848
2020/07/22 11:10 +0200, GMT+2, 14.8, 60.77054
2020/07/24 03:29 +0200, GMT+2, 16.4, 61.02105
2020/07/24 04:09 +0200, GMT+2, 16.2, 61.02518
2020/07/24 04:29 +0200, GMT+2, 16.2, 61.02723
2020/07/24 06:29 +0200, GMT+2, 22.6, 61.04206
2020/07/24 06:49 +0200, GMT+2, 15, 61.04444
2020/07/24 07:09 +0200, GMT+2, 15, 61.04633
2020/07/24 08:09 +0200, GMT+2, 15, 61.05198
2020/07/24 08:49 +0200, GMT+2, 14.7, 61.05571
2020/07/24 09:09 +0200, GMT+2, 18.4, 61.05778
2020/07/25 00:09 +0200, GMT+2, 90.8, 61.46356
2020/07/25 00:49 +0200, GMT+2, 16.5, 61.47975
2020/07/25 02:09 +0200, GMT+2, 34.7, 61.49124
2020/07/25 02:29 +0200, GMT+2, 16.4, 61.4941
2020/07/25 02:49 +0200, GMT+2, 16.4, 61.49584
2020/07/25 03:09 +0200, GMT+2, 16.4, 61.49757
2020/07/25 03:29 +0200, GMT+2, 16.4, 61.4993
2020/07/25 03:49 +0200, GMT+2, 16.4, 61.50104
2020/07/25 04:09 +0200, GMT+2, 16.4, 61.50277
2020/07/25 04:29 +0200, GMT+2, 16.4, 61.5045
2020/07/25 04:49 +0200, GMT+2, 16.4, 61.50622
2020/07/25 05:09 +0200, GMT+2, 16.4, 61.50795
2020/07/25 05:29 +0200, GMT+2, 16.4, 61.50968
2020/07/25 05:49 +0200, GMT+2, 16.3, 61.5114
2020/07/25 06:09 +0200, GMT+2, 16.3, 61.51311
2020/07/25 06:29 +0200, GMT+2, 16.3, 61.51482
2020/07/25 06:49 +0200, GMT+2, 16.3, 61.51653
2020/07/25 07:09 +0200, GMT+2, 16.3, 61.51824
2020/07/25 07:29 +0200, GMT+2, 16.3, 61.51995
2020/07/25 07:49 +0200, GMT+2, 16.3, 61.52166
2020/07/25 08:09 +0200, GMT+2, 16.3, 61.52337
2020/07/25 08:29 +0200, GMT+2, 16.3, 61.52507
2020/07/25 08:49 +0200, GMT+2, 16.3, 61.52677
2020/07/25 09:09 +0200, GMT+2, 16.3, 61.52848
2020/07/25 09:29 +0200, GMT+2, 16.3, 61.53018
2020/07/25 09:49 +0200, GMT+2, 16.3, 61.53188
2020/07/25 10:09 +0200, GMT+2, 16.3, 61.53358
2020/07/25 10:29 +0200, GMT+2, 16.3, 61.53528
2020/07/25 10:49 +0200, GMT+2, 16.4, 61.53698
2020/07/25 11:09 +0200, GMT+2, 16.4, 61.53868
2020/07/25 11:29 +0200, GMT+2, 16.5, 61.54039
2020/07/25 11:49 +0200, GMT+2, 16.5, 61.54211
2020/07/25 12:09 +0200, GMT+2, 16.5, 61.54382
2020/07/25 12:29 +0200, GMT+2, 16.5, 61.54553
2020/07/25 12:49 +0200, GMT+2, 16.5, 61.54724
2020/07/25 13:09 +0200, GMT+2, 16.5, 61.54895
2020/07/25 13:29 +0200, GMT+2, 16.6, 61.55066
2020/07/25 13:49 +0200, GMT+2, 16.6, 61.55238
2020/07/25 15:29 +0200, GMT+2, 104.3, 61.59916
2020/07/25 15:49 +0200, GMT+2, 21.3, 61.60899
2020/07/25 16:09 +0200, GMT+2, 16.6, 61.61091
2020/07/25 16:29 +0200, GMT+2, 25.3, 61.61307
2020/08/01 16:33 +0200, GMT+2, 18.1, 62.53325
2020/08/01 16:53 +0200, GMT+2, 18.1, 62.53447
2020/08/01 17:13 +0200, GMT+2, 18, 62.53568
2020/08/01 17:33 +0200, GMT+2, 18, 62.53689
2020/08/01 17:53 +0200, GMT+2, 18, 62.5381
2020/08/01 18:13 +0200, GMT+2, 18, 62.53931
2020/08/01 18:33 +0200, GMT+2, 18, 62.54052
2020/08/01 18:53 +0200, GMT+2, 18, 62.54172
2020/08/01 19:13 +0200, GMT+2, 18, 62.54293
2020/08/01 19:33 +0200, GMT+2, 17.9, 62.54413
2020/08/01 19:53 +0200, GMT+2, 17.8, 62.54532
2020/08/01 20:13 +0200, GMT+2, 17.8, 62.54651
2020/08/01 20:33 +0200, GMT+2, 17.8, 62.5477
2020/08/01 20:53 +0200, GMT+2, 17.7, 62.54889
2020/08/01 21:13 +0200, GMT+2, 17.6, 62.55006
2020/08/01 21:33 +0200, GMT+2, 17.6, 62.55123
2020/08/01 21:53 +0200, GMT+2, 17.5, 62.5524
2020/08/01 22:13 +0200, GMT+2, 17.5, 62.55357
2020/08/01 22:33 +0200, GMT+2, 17.4, 62.55473
2020/08/01 22:53 +0200, GMT+2, 17.4, 62.55588
2020/08/01 23:13 +0200, GMT+2, 17.3, 62.55704
2020/08/01 23:33 +0200, GMT+2, 17.3, 62.55818
2020/08/01 23:53 +0200, GMT+2, 17.3, 62.55933
2020/08/02 00:13 +0200, GMT+2, 17.2, 62.56047
2020/08/02 00:33 +0200, GMT+2, 17.2, 62.56161
2020/08/02 00:53 +0200, GMT+2, 17.2, 62.56275
2020/08/02 01:13 +0200, GMT+2, 17.1, 62.56389
2020/08/02 01:33 +0200, GMT+2, 17.1, 62.56502
2020/08/02 01:53 +0200, GMT+2, 17.1, 62.56615
2020/08/02 02:13 +0200, GMT+2, 17.1, 62.56728
2020/08/02 02:33 +0200, GMT+2, 17, 62.5684
2020/08/02 02:53 +0200, GMT+2, 17, 62.56952
2020/08/02 06:30 +0200, GMT+2, 16.6, 62.58154
2020/08/02 06:50 +0200, GMT+2, 16.6, 62.58263
2020/08/02 07:10 +0200, GMT+2, 16.5, 62.58371
2020/08/02 07:30 +0200, GMT+2, 16.5, 62.58479
2020/08/02 07:50 +0200, GMT+2, 16.4, 62.58586
2020/08/02 08:10 +0200, GMT+2, 16.4, 62.58694
2020/08/02 08:30 +0200, GMT+2, 16.4, 62.58801
2020/08/02 08:50 +0200, GMT+2, 16.4, 62.58908
2020/08/02 11:28 +0200, GMT+2, 16, 62.59737
2020/08/02 15:06 +0200, GMT+2, 16.3, 62.60876
2020/08/02 15:26 +0200, GMT+2, 16.3, 62.60982
2020/08/02 15:46 +0200, GMT+2, 16.4, 62.61087
2020/08/02 16:06 +0200, GMT+2, 16.5, 62.61193
2020/08/02 16:26 +0200, GMT+2, 16.5, 62.613
2020/08/02 16:46 +0200, GMT+2, 16.5, 62.61406
2020/08/02 17:06 +0200, GMT+2, 16.5, 62.61513
2020/08/02 17:26 +0200, GMT+2, 16.6, 62.61619
2020/08/02 17:46 +0200, GMT+2, 16.7, 62.61726
2020/08/02 18:06 +0200, GMT+2, 16.8, 62.61834
2020/08/02 18:26 +0200, GMT+2, 16.8, 62.61942
2020/08/02 18:46 +0200, GMT+2, 16.9, 62.62051
2020/08/02 19:06 +0200, GMT+2, 17, 62.62159
2020/08/02 19:26 +0200, GMT+2, 17, 62.62269
2020/08/02 19:46 +0200, GMT+2, 17, 62.62378
2020/08/02 20:06 +0200, GMT+2, 17, 62.62487
2020/08/02 20:26 +0200, GMT+2, 17, 62.62596
2020/08/02 20:46 +0200, GMT+2, 17, 62.62705
2020/08/02 21:06 +0200, GMT+2, 16.9, 62.62813
2020/08/03 00:46 +0200, GMT+2, 16.3, 62.6398
2020/08/03 01:06 +0200, GMT+2, 16.3, 62.64084